Producto,Descripción,U. de S.,Precio público,precio de lista 4
AGROVET-00,VITANHEGRA B-12 10 ML,pz,67.8,44.07
AGROVET-002,VITANHEGRA B-12 20 ML,pz,102.6,66.69
AGROVET-003,DEXA-ESTREPTOVET 50 MILL,pz,920.0,598.0
AGROVET-004,VITANHEGRA B-12 50 ML,pz,194.0,126.1
AGROVET-005,DEXA-ESTREPTOVET 6 MILL,pz,228.0,148.2
AGROVET-006,VITANHEGRA B-12 100 ML,pz,307.0,199.55
AGROVET-007,VITANHEGRA B-12 250 ML,pz,610.0,396.5
AGROVET-010,DEXA-ESTREPTOVET 2 MILL,pz,139.0,90.35
AGROVET-011,DEXA-ESTREPTOVET 4 MILL,pz,194.0,126.1
AGROVET-012,CREMA DON RICARDO PLUS 120 ML,pz,340.0,238.0
AGROVET-013,CREMA DON RICARDO PLUS 60 ML,pz,214.0,149.8
AGROVET-018,PIROXIVET +B-12 30 ML,pz,277.0,180.05
AGRSALUD-,AMINO ASA 34X 250ML,pz,481.0,283.0
AGRSALUD-,ENERGY 500ML,pz,402.0,236.0
ALIMENTO-014,SUPER CRIA VITAMINADA 5 KG,pz,0.0,178.0
ALIMENTO-015,SUPER CRIA 450 GR,PIEZA,0.0,162.5
ALIMENTO-034,SUPER CRIA KITTENS 360 GR.,PIEZA,0.0,297.41
ALPHACHEM-,CRONVAL HD 5MG,pz,1542.0,1156.5
ALPHACHEM-,TRIOXIL 800MCG 100 TAB     APE310,pz,460.0,
ALPHACHEM-,MELOXICAM 1MG 100 TAB,pz,1044.0,783.0
ALPHACHEM-,HEMOSYLAT  C/10 PZA. C/2ML,pz,494.0,370.5
ALPHACHEM-,TRIOXIL 200,pz,326.0,244.5
ALPHACHEM-,LEIDOFS 100 90 Tabletas  APE200,pz,609.0,456.75
ALPHACHEM-,LEIDOFS 400 90 Tabletas  APE210,pz,1638.0,1228.5
ALPHACHEM-,TRIOXIL 500 MCG 100 TAB      APE300,pz,388.0,291.0
ALPHACHEM-,SILDAN HP ORAL SUSP 50ML,pz,402.0,301.5
ALPHACHEM-,LEIDOFS PERRO SOLUCION 50ML,pz,310.0,232.5
ALPHACHEM-,TEDIUR 24 C/30 TABLETAS,pz,326.0,244.5
ALPHACHEM-,MELOXICAM 4MG 100 TABLETAS,pz,1558.0,1168.5
ALPHACHEM-,MELOXICAM 2MG 100 TAB,pz,0.0,0.0
ANDOCI-001,FIBROCINE 50 ML.,pz,443.0,287.95
ANDOCI-002,HEMOPLEX 100 ML.,pz,523.0,339.95
ANDOCI-003,HEMOPLEX 250 ML.,pz,909.0,590.85
ANDOCI-004,KOAGUSAN 50 ML.,pz,183.0,118.95
ANDOCI-005,TIMPAKAPS 475 ML.,pz,529.0,343.85
ANDOCI-006,UBRICINA 5 MILL,pz,209.0,135.85
ANDOCI-007,KOAGUSAN 25 ML,pz,133.0,86.45
ANDOCI-008,KOAGUSAN 100 ML,pz,269.0,174.85
ANDOCI-009,LOCION ANTIVERRUGAS  100ML.,pz,233.0,
ANDOCI-010,UBRICINA INFUSION 10 ML (JERINGA),PIEZA,63.25,41.11
ANDOCI-011,FIBROCINE 100 ML,pz,706.0,458.9
ANDOCI-013,TIMPAKAPS-225 ML,pz,309.0,200.85
ANDOCI-014,TIMPAKAPS 100 ML,pz,243.0,157.95
ANDOCI-015,UBRICINA LACTACION PLUS (JERINGA),pz,69.29,45.04
ANDOCI-016,HEMOPLEX 50 ML,pz,359.0,233.35
ANDOCI-018,VERMICELL TABL 1 COMP,pz,4.83,3.14
ANDOCI-021,AVEFENICOL ST 20 ML,pz,129.0,83.85
ANDOCI-022,AVEFENICOL ST 100 ML,pz,176.0,114.4
ANDOCI-026,CANVITAL 180 GRS,pz,289.0,187.85
ANDOCI-029,CLOSIVER ADE+B12 250 ML,pz,2163.0,1405.95
ANDOCI-030,CLOSIVER ADE + B12 50 ML,pz,589.0,382.85
ANDOCI-031,HEMOPLEX 10 ML,pz,169.0,109.85
ANDOCI-034,VERMICELL GALLOS 1 TABLETA,pz,3.43,2.23
ANGLO-001,VERMIFUGO DEL DR. BIXLER 100 CAP,pz,0.0,407.7
ARANDA-001,PARAFEN SUSP. 12.5% 1 LTO,pz,1897.0,921.4
ARANDA-002,ZEEFOTAX 300MG,pz,0.0,0.0
ARANDA-003,OCUSOL POLVO 30 GR,pz,169.0,82.09
ARANDA-005,TRIFEN PLUS 25 TABLETAS,pz,86.0,41.77
ARANDA-006,TRIFEN PLUS 50 CAPS,pz,142.0,
ARANDA-007,ASCORBOL PLUS 50 CAPS,pz,189.0,91.8
ARANDA-008,ASCORBOL PLUS 100 CAPS,pz,282.0,136.97
ARANDA-009,BALSAMO BLANCO 100 GRS,pz,144.0,69.94
ARANDA-010,BALSAMO BLANCO 240 GRS,pz,307.0,149.11
ARANDA-011,TRIFEN PLUS 100 TABLETAS,pz,198.0,96.17
ARANDA-012,IVERFULL 10 ML,pz,85.0,41.29
ARANDA-013,EUYACOL FORTE 100 ML,pz,268.0,130.17
ARANDA-014,EUYACOL FORTE 50 ML,pz,179.0,86.94
ARANDA-015,PURGANTE ROJO 227 GRS,pz,186.0,90.34
ARANDA-018,ASCORBOL INY 10 ML,pz,94.0,45.66
ARANDA-019,IVERFULL 100 ML,pz,344.0,167.09
ARANDA-020,IVERFULL MACROVIT ADE 10 ML,pz,125.0,60.71
ARANDA-021,IVERFULL PASTA 32 GRS,pz,255.0,123.86
ARANDA-022,IVERFULL PASTA VITAMINADO 32gr,pz,298.0,144.74
ARANDA-024,IVERFULL POLVO 10 GRS,pz,38.68,18.79
ARANDA-027,IVERFULL MACROVIT ADE 100 ML,pz,622.0,302.11
ARANDA-028,IVERFULL MACROVIT ADE 500 ML,pz,2049.0,995.23
ARANDA-030,L- VERMIZOL 12%  VIT. 100 ML,pz,288.0,139.89
ARANDA-032,IVERFULL 240 ML,pz,694.0,337.09
ARANDA-033,IVERFULL 500 ML,pz,1097.0,
ARANDA-034,RAN-TAC 100 ML,pz,128.0,62.17
ARANDA-035,FERRAJET 10% 20 ML,pz,144.0,69.94
ARANDA-036,LASARNOL 120 ML,pz,199.0,96.66
ARANDA-037,PERVINAL JARABE 250 ML,pz,175.0,85.0
ARANDA-038,YODO DESINFECTANTE 120 ML,pz,148.0,71.89
ARANDA-039,BEBIDA UNIVERSAL 300 ML P/ TOS,pz,204.0,99.09
ARANDA-040,NECAIN 10 ML,pz,86.0,58.48
ARANDA-041,ZURI-COX 5% 100ML,pz,389.0,188.94
ARANDA-043,ABSORVET 460ML,pz,386.0,187.49
ARANDA-051,SUPER CHEVINAL TRIPLE A 1LTO,pz,668.0,324.46
ARANDA-052,SHAMPOO PARA CABALLO ZABILA 1 LTO,pz,309.0,150.09
ARANDA-053,PARAFEN PASTA 10% 32G.,pz,217.0,105.4
ARANDA-054,POMADA YODADA 240 G,pz,288.0,139.89
ARANDA-055,LAXA PET 100 GR,pz,218.0,148.24
ARANDA-056,BEEF-SE 100 ML,pz,409.0,198.66
ARANDA-059,PARAFEN SUSPENSION 3% 60ML,pz,112.0,54.4
ARANDA-061,NEUMOXOL 20 ML,pz,149.0,72.37
ARANDA-063,NEUMOXOL 100ML,pz,459.0,222.94
ARANDA-066,OFTOFLOX 30ML,pz,149.0,72.37
ARANDA-067,SANITOR FORTE 120 ML,pz,134.0,
ARANDA-069,TRIFEN L VITAMINADO 75 TAB,pz,0.0,0.0
ARANDA-070,FERRAJET 100ML,pz,409.0,198.66
ARANDA-071,COMPLEJO B REFORZADO 100ML,pz,257.0,124.83
ARANDA-072,IVERFULL TAB.10KG BLISTER C/6 TAB. 400MG,pz,122.0,59.26
ARANDA-073,MELODEX PETS .5% 20ML,pz,169.0,114.92
ARANDA-074,MELODEX GOTAS 10ML,pz,81.0,55.08
ARANDA-076,MELODEX TAB C/30,pz,254.0,172.72
ARANDA-077,OXITOCIN 10 ML,pz,79.0,38.37
ARANDA-078,BOLOS UTERINOS DE SULFA UREA 13GR C/25,pz,829.0,402.66
ARANDA-080,CLAVOXIVET 20 TABLETAS,pz,304.0,206.72
ARANDA-081,CLAVOXIVET SUSPENSION 60ML,pz,309.0,210.12
ARANDA-084,DIRO PETS INY. 20ML 0012301008,pz,140.0,95.2
ARANDA-085,ALVEUM 100ML,pz,189.0,128.52
ARANDA-086,TALCO PARA AVES CLEAN GUARD 100GR,pz,150.0,102.0
ARANDA-087,BEBIDA UNIVERSAL 100ML PARA LA TOS,pz,128.0,87.04
ARANDA-088,DIRO PETS PUPPY CARTERA C/8 TAB. colecti,CART,104.0,70.72
ARANDA-090,COMPLEJO B REFORZADO 50ML,pz,168.0,81.6
ARANDA-101,FERRAJET 50ML,pz,249.0,120.94
AVENTIS-001,MAXFORCE GEL JGA. C/ 30 GR.,pz,0.0,227.59
BAYER-003,BAMITOL 200 GR.,pz,333.9,
BAYER-004,CATOSAL 100 ML,pz,882.96,618.8
BAYER-005,CATOSAL 250 ML.,pz,1870.96,1310.4
BAYER-006,ADVANTAGE MULTI 1X 8ML GATO,pz,459.51,302.4
BAYER-007,ADVANTAGE MULTI 1X0.4 ML CAT    81483108,pz,421.81,272.16
BAYER-008,VIGANTOL ADE FTE. 500 ML.,pz,3755.38,2734.65
BAYER-009,YATREN CASEINA FTE. 100 ML,pz,553.28,387.92
BAYER-010,BOLFO SHAMPOO,pz,312.79,221.4
BAYER-012,CALFON FTE. 100 ML.,pz,463.22,330.72
BAYER-013,ASUNTOL JABON,pz,97.81,63.72
BAYER-014,VIGANTOL ADE  FTE 25 ML,pz,329.6,237.93
BAYER-015,BOLFO POLVO 100 GR,pz,191.55,122.04
BAYER-016,BAYTICOL DIP 3% 100 ML,pz,341.19,196.88
BAYER-017,DRONTAL PLUS FLAVOUR 1TAB 10KG (de 102ta,PIEZA,47.18,32.02
BAYER-019,BAYCOX 5% SUSP. 250ML,pz,2438.64,1758.24
BAYER-022,CATOSAL 50 ML,pz,564.72,395.2
BAYER-024,SUPER BOLFO REFORZADO AEROSOL,pz,235.36,162.0
BAYER-026,ASUNTOL 100 ML,pz,287.19,187.2
BAYER-027,SERESTO COLLAR GRANDE,pz,1084.0,684.76
BAYER-030,DRONTAL PLUS 35 KG 1 TABLETA(de cja c/24,PIEZA,143.67,97.65
BAYER-034,BOVITRAZ 1 LTO.,pz,894.79,
BAYER-035,ASUNTOL LIQUIDO  1 LTO.,pz,1899.67,1293.76
BAYER-036,BAYTRIL MAX 250 ML,pz,2411.28,1739.1
BAYER-037,EQUILIBRIUM AGES 60 TAB PIEL Y PELO,pz,720.28,535.3
BAYER-040,BAYTICOL P.ON PLUS 1 LT.,pz,1181.28,783.12
BAYER-042,ASUNTOL 500 ML,pz,1011.38,724.88
BAYER-048,NEGASUNT POLVO (POWDER BLUE),pz,363.0,230.02
BAYER-055,VIGANTOL ADE 100 ML,pz,868.29,620.06
BAYER-059,ASUNTOL SOBRE 15 GR.,pz,111.63,74.88
BAYER-062,BAYTRIL INY 5% 50 ML,pz,756.0,529.2
BAYER-064,BOVITRAZ 100 ML,pz,194.26,102.96
BAYER-067,CATOSAL 20 ML,pz,292.28,204.88
BAYER-068,BAMITOL 90 GR.,pz,205.64,148.4
BAYER-070,VETRIDERM JABON 100GR,pz,138.86,102.82
BAYER-071,BAYTRIL 5% 20 ML,pz,430.92,302.4
BAYER-074,EQUILIBRIUM ACTIFORTE 60 TAB,pz,513.55,371.0
BAYER-075,VETRIDERM ESSEC 400 ML,pz,277.79,204.58
BAYER-078,BIOTHRINE FLOW 100ML,pz,0.0,126.44
BAYER-082,BAYTRIL FLAVOUR TAB. 50MG 30 TAB,pz,638.12,445.2
BAYER-083,BAYTRIL FLAVOUR 150MG 10 TAB,pz,515.16,359.34
BAYER-085,NEPTRA OTIC 1 ML,pz,1142.64,
BAYER-087,DRONTAL PLUS FLAVOUR 10KG CAJA C/24 TABS,pz,1227.48,837.4
BAYER-088,PROFENDER CAT 35ML,pz,307.4,228.96
BAYER-089,PROFENDER 1.12ML,pz,385.84,289.38
BAYER-090,SERESTO COLLAR CHICO,pz,1021.0,646.6
BAYER-091,DRONTAL PUPPY 20 ML,pz,330.72,223.66
BAYER-093,VERAFLOX 25MG 15ML,pz,578.76,364.64
BAYER-095,VIRKONS 5 KG,pz,7718.37,5789.3
BAYER-098,ONSIOR 20 MG TAB,pz,359.64,273.24
BAYER-099,ONSIOR 10 MG TAB,pz,250.56,189.0
BAYER-100,ADVANTAGE MULTI 1X0.4ML DOG    81483086,pz,381.0,233.2
BAYER-101,CREDELIO GATOS TAB 12MG,pz,782.62,477.42
BAYER-102,CREDELIO GATOS TAB 48MG,pz,850.2,517.75
BAYER-104,BAYTRIL MAX 100ML,pz,1153.28,823.62
BAYER-105,CREDELIO TAB. 56.25MG CAJA C/3 TAB,pz,699.46,378.84
BAYER-106,CREDELIO TAB. 112.5MGMG CAJA C/3 TAB,pz,735.64,400.98
BAYER-107,CREDELIO TAB. 225MG CAJA C/3 TAB,pz,780.64,437.88
BAYER-108,CREDELIO TAB. 450MG CAJA C/3 TAB,pz,807.7,512.2
BAYER-110,CREDELIO TAB. 900MG 3 TABLETAS,pz,874.94,633.04
BAYER-111,ONSIOR 40MG TAB,pz,505.44,385.56
BAYER-114,EQUILIBRIUM SENIOR 60 TAB,pz,773.07,
BAYER-118,ADVANTAGE MULTI 1 X 1.0 ML DOG 81483116,pz,,
BAYER-119,ADVANTAGE MULTI 1 X 2.5 ML DOG 81483078,pz,,
BAYER-120,ADVANTAGE MULTI 1 X 4.0 ML DOG 81483051,pz,,
BAYER-121,GALLIPRANT 100MG 30 TAB,pz,,
BAYER-122,GALLIPRANT 20MG 30 TAB,pz,,
BAYER-123,GALLIPRANT 60MG 30 TAB,pz,,
BAYER-124,CREDELIO PLUS TAB 56.25/2.11 MG C/3,pz,,
BAYER-125,CREDELIO PLUS TAB 112.5/4.22MG C/3,pz,,
BAYER-126,CREDELIO PLUS TAB 225/8.44MG C/3,pz,,
BAYER-127,CREDELIO PLUS TAB 450/16.88MG C/3,pz,,
BAYER-128,CREDELIO PLUS TAB 900.3375MG C/3,pz,,
BAYER-129,DRONTAL CAT ELLIPSOID 1X2 TAB,pz,,
BAYER-130,DRONTAL CAT ELLIPSOID 3X8 TAB,pz,,
BAYER-133,PROFENDER CAT .7ML   87036065,pz,,
BAYER-137,ATOPICA 50MG X 30BLCD,pz,,
BAYER-138,ATOPICA 25MG X 30BLCD,pz,,
BIMEDA-001,COPPERSEPT 475 ML,pz,,
BIMEDA-007,PROPEN G 100ML,pz,,
BIMEDA-008,PROPEN G 250 ML,pz,,
BIMEDA-012,FLUNAZINE 50 MG/ML 100 ML,pz,,
BIMEDA-029,PROPEN G 500ML,pz,1299.83,760.98
BIMEDA-030,CALMUROFEL 120 COMP.,pz,3246.43,2497.25
BIMEDA-031,CALMUROFEL 30 COMP,pz,1079.14,830.11
BIMEDA-034,ATOPIVET 60 CAP BLIST. C/15,pz,2749.35,2114.88
BIMEDA-046,CONDROVET FORCE CATS 45 CAPS,pz,1786.45,1374.19
BIMEDA-047,CONDROVET FORCE 40 CAPS,pz,1592.63,1225.1
BIMEDA-049,POLYCHEWS+KRILL 60 CT,pz,1895.58,1458.14
BIMEDA-053,IMPROMUNE PASTA,pz,1351.56,1039.67
BIMEDA-063,ITCH CARE 118ML ZOEUTICALS,pz,276.67,212.83
BIMEDA-064,LIQUID BANDAGE 118ML ZOEUTICALS,pz,305.92,235.32
BIMEDA-065,FRESH BARK 118ML ZOEUTICALS,pz,247.43,190.33
BIMEDA-066,ATOPIVET COLLAR MAS 10KG,pz,795.06,611.58
BIMEDA-068,ATOPIVET MOUSSE 250ML,pz,866.25,666.34
BIMEDA-070,PETFAST CALMING STRIPSZOEUTICALS,pz,679.93,523.02
BIOZOO-001,BIOARSENOL VIT 250 ML,pz,737.0,368.5
BIOZOO-002,BIOARSENOL VIT. 100 ML.,pz,372.0,186.0
BIOZOO-003,PROTEIZOO PLUS 20 ML.,pz,122.0,61.0
BIOZOO-006,GANAZOO PLUS 20 ML,pz,289.0,144.5
BIOZOO-007,EXTRACTO DE HIGADO 100 ML.,pz,314.0,157.0
BIOZOO-008,PROTEIZOO PLUS 100 ML,pz,377.0,
BIOZOO-009,AMINOTONIC 500 ML,pz,329.0,164.5
BIOZOO-012,BIOBAC 11 VIAS 250 ML 50 DS,pz,1472.0,736.0
BIOZOO-013,EXTRACTO DE HIGADO 250 ML,pz,618.0,309.0
BIOZOO-014,GORBAZOO-100 ML,pz,718.0,359.0
BIOZOO-018,DIFLUXINA 250 ML,pz,774.0,387.0
BIOZOO-019,BIOQUIN 250 ML,pz,553.0,276.5
BIOZOO-021,TRIPLE BOVINA 50 ML 10 DS,pz,167.0,83.5
BIOZOO-022,TRIPLE BOVINA 100 ML 20 DS,pz,242.0,121.0
BIOZOO-023,TRIPLE BOVINA 250 ML 50 DS,pz,461.0,230.5
BIOZOO-025,BIOQUIN 50 ML,pz,290.0,145.0
BIOZOO-027,PROTEIZOO PLUS 250 ML,pz,637.0,318.5
BIOZOO-028,VIRUELA AVIAR 50 DS,pz,127.0,63.5
BIOZOO-029,VIRUELA AVIAR 100 DS,pz,144.0,72.0
BIOZOO-030,TRIPLE AVIAR PM 20 ML BACTERINA,pz,94.0,47.0
BIOZOO-031,ONE SUSPENSION 60 ML,pz,750.48,375.24
BIOZOO-032,TIGENT 20 ML,pz,178.0,89.0
BIOZOO-033,TIGENT T 20 ML,pz,243.0,121.5
BIOZOO-034,TRIPLE AVIAR PM 100 ML BACTERINA,pz,180.0,90.0
BIOZOO-035,ONE 1 TABLETA      (de paquete 30),pz,36.22,18.16
BIOZOO-038,TRIPLE AVIAR PM 50 ML BACTERINA,pz,134.0,
BIOZOO-041,ZOOSARNI 200 GRS,pz,243.6,158.34
BIOZOO-043,TIGENT 100 ML,pz,648.0,324.0
BIOZOO-049,SHAMPOO PETLIFE 250 ML VARIAS PRESENT.,pz,149.1,96.92
BIOZOO-050,ESTREPTO BB PLUS REFORZADO 5 M.U.I 85055,pz,216.0,108.0
BIOZOO-052,EXTRACTO DE HIGADO 50 ML,pz,205.0,102.5
BIOZOO-053,LEVAX ADE 500ML,pz,1468.0,734.0
BIOZOO-059,NEWCASTLE 50 DS,pz,103.0,51.5
BIOZOO-061,NEWCASTLE 25 DS,pz,96.0,48.0
BIOZOO-062,NEWCASTLE 100 DS,pz,112.0,56.0
BIOZOO-066,BIODIPIRONA 20 ML,pz,133.0,66.5
BIOZOO-067,BIODIPIRONA 100 ML,pz,311.0,155.5
BIOZOO-068,GORBAZOO 30 ML,pz,296.0,148.0
BIOZOO-069,LEVAX ADE 100 ML,pz,397.0,198.5
BIOZOO-074,ONE CG SUSPENSION 30ML,pz,309.52,154.76
BIOZOO-080,PREDNIMAX 5 CON 20 TABLETAS,pz,239.4,155.61
BIOZOO-081,PREDNIMAX 20 CON 20 TABLETAS,pz,424.2,275.73
BIOZOO-086,BIOQUIN 6% ORAL 25 ML,pz,104.0,52.0
BIOZOO-090,CEFAMAX 20 TABLETAS,pz,310.0,205.43
BIOZOO-091,CLINDAMIN 20 TABLETAS,pz,306.6,199.29
BIOZOO-092,ENRO T 50 MG 20 TABS,pz,213.15,
BIOZOO-093,GORBAZOO 30 TABLETAS,pz,242.74,157.78
BIOZOO-094,ONE SUSPENSION 30ML,pz,428.24,214.12
BIOZOO-096,MELOXIMAX 3MG 30 TAB,pz,584.85,380.15
BIOZOO-097,MICOTIC 300 MG 20 TAB,pz,311.85,202.7
BIOZOO-098,ONE 1 TABLETA   (de paquete 60),pz,31.39,15.7
BIOZOO-104,GROWLAC 450 GRS,pz,339.24,169.62
BIOZOO-105,GORBAZOO SUSP 60 ML,pz,141.75,92.14
BIOZOO-106,ENRO SUSPENSION 60 ML,pz,190.05,123.53
BIOZOO-107,AMOX C 30 TAB,pz,315.0,204.75
BIOZOO-108,INMUNOVAX DPA2 1 DOSIS,PIEZA,156.44,78.22
BIOZOO-109,AMOX C SUSPENSION 15 ML,pz,228.9,148.79
BIOZOO-110,AMOX C SUSP. 60 ML  85201,pz,432.6,281.19
BIOZOO-111,CEFAMAX SUSPENSION 60 ML,pz,242.55,157.66
BIOZOO-115,INMUNOVAX 5 DPA2H-L 1 DS,pz,179.32,89.66
BIOZOO-117,MELOXIMAX 1 30 TAB 8MM,pz,438.9,285.29
BIOZOO-121,FIEBRE CARBONOSA 100 ML,pz,394.0,197.0
BIOZOO-122,PETWELLNESS PROBIOTICOS,pz,304.7,213.29
BIOZOO-123,PETWELLNES OMEGA 90 GR,pz,240.9,168.63
BIOZOO-127,INMUNOVAX RABIA 1 DS  (de blist.c/24 ds),pz,70.77,35.38
BIOZOO-130,TRIPLE AVIAR + CORTIZA 50ML,pz,115.0,
BIOZOO-133,FIEBRE CARBONOSA 20ML,pz,173.0,86.5
BIOZOO-136,INMUNOVAX PARVO C 24 DS,pz,127.29,63.65
BIOZOO-140,INMUNOVAX 3 DH-L 1 DS,pz,136.65,68.33
BOEHRINGER-,"NEXGARD SPECTRA 3 PZA 2-3.5KG ""XS""27370",pz,1132.25,566.12
BOEHRINGER-,"NEXGARD SPECTRA 3 PZA 3.6-7.5KG ""S""27371",pz,1197.83,598.92
BOEHRINGER-,"NEXGARD SPECTRA 3 PZA 7.6-15KG ""M"" 27372",pz,1278.99,639.5
BOEHRINGER-,"NEXGARD SPECTRA 3 PZA 15-30 KG ""L"" 27373",pz,1349.9,647.95
BOEHRINGER-,"NEXGARD SPECTRA 3 PZA 30-60 KG ""XL 27374",pz,1556.07,778.04
BOEHRINGER-,VETMEDIN 5MG 100 CAPS,pz,1993.11,1359.17
BOEHRINGER-,ECTOLINE 1 LTO,pz,0.0,719.89
BOEHRINGER-,PREVICOX PERRO GRANDE 227MG 60TAB 26124,pz,4301.71,2150.86
BOEHRINGER-,PREVICOX PERRO CHICO 57MG 60 TAB 30849,pz,2621.93,1310.97
BOEHRINGER-,NEXGARD DOG XL 25.1-50KG 1 TAB 27104,pz,401.86,200.93
BOEHRINGER-,NEXGARD DOG L 10-25KG 1TAB 27103,pz,361.46,180.73
BOEHRINGER-,NEXGARD DOG M 4-10KG 1 TAB 27102,pz,347.29,173.64
BOEHRINGER-,NEXGARD DOGS S  2-4 KG 1 TAB 27101,pz,333.11,166.56
BOEHRINGER-,IMMITICIDE 50MG,PIEZA,1684.59,842.29
BOEHRINGER-,IMRAB 3 1DS,pz,90.58,45.29
BOEHRINGER-,"HEARTGARD PLUS 23-45KG 6 TAB CAFE ""G""",pz,1058.88,529.44
BOEHRINGER-,"HEARTGARD PLUS 2-11KG AZUL 6TAB ""CH""",pz,634.17,
BOEHRINGER-,"HEARTGARD PLUS 12-22KG 6 TAB VERDE ""M""",pz,736.03,368.01
BOEHRINGER-,NEXGARD COMBO CAT L 2.5-7.5KG,pz,486.34,247.17
BOEHRINGER-,NEXGARD COMBO CAT S .8-2.5KG,pz,445.92,222.96
BOEHRINGER-,FRONTLINE SPRAY 250ML,pz,882.61,441.31
BROVEL-001,L-HISTAMIN 60MG 20 TAB,pz,132.0,85.8
BROVEL-004,ORTOLAN UNGUENTO 225 GR,pz,374.0,243.1
BROVEL-006,TESTOSTERONA 50 10 ML.,pz,362.0,235.3
BROVEL-007,CARDISURE 1.25MG AD044,pz,1627.0,1171.44
BROVEL-008,CARDISURE 5MG AD046,pz,2039.0,1468.08
BROVEL-010,ORTOLAN 100 GRS,pz,174.0,113.1
BROVEL-011,BROTROPIN SUSP. 50ML,pz,172.0,111.8
BROVEL-016,MELVINAC GEL 125 GR,pz,365.0,237.25
BROVEL-017,CARDISURE 2.5 MG AD045,pz,1777.0,1279.44
BROVEL-019,LICOR DE FORGE 1 LTO,pz,378.0,245.7
BROVEL-020,FERCOBON 100 ML.,pz,484.0,314.6
BROVEL-021,VITAMINA B1 20 ML,pz,207.0,134.55
BROVEL-024,BROSIN UNG 25 GR,pz,208.0,135.2
BROVEL-025,DELTAMICIN 10 GR,PIEZA,21.38,13.9
BROVEL-028,EQUIXUPRINA 450 GRS,pz,2758.0,1792.7
BROVEL-030,POMADA AMARILLA 225 GR,pz,282.0,
BROVEL-031,DELTAMICIN 500 GRS,pz,498.0,323.7
BROVEL-034,MELVINAC 250 ML,pz,243.0,157.95
BROVEL-035,TESTOSTERONA 50 20 ML,pz,598.0,388.7
BROVEL-036,POMADA DE ICTIOL 25 GRS,pz,207.0,134.55
BROVEL-037,VITAMINA C 100 ML BROVEL,pz,246.0,159.9
BROVEL-042,LICOR DE FORGE 120 ML,pz,149.0,96.85
BROVEL-044,DIRULAN 10 ML,pz,225.0,146.25
BROVEL-045,VITAMINA K 100 ML,pz,301.0,195.65
BROVEL-047,AMOXI VET PUPPY,pz,193.0,125.45
BROVEL-048,AMOXI VET SUSP. 200MG 50ML,pz,337.0,219.05
BROVEL-050,PALEOZIN 10ML,pz,391.0,254.15
BROVEL-051,MALACETIC SHAMPOO 355ML,pz,486.0,349.92
BROVEL-052,MALACETIC SPRAY 236ML,pz,622.0,447.84
BROVEL-053,VETORYL 30MG,pz,1755.0,1263.6
BROVEL-054,DANEZONA 100 ML,pz,352.0,228.8
BROVEL-055,KETO-PET 250 MG 20 TAB,pz,370.0,240.5
BROVEL-056,AVERDAN 120 ML,pz,232.0,150.8
BROVEL-057,L-HISTAMIN 100ML,pz,384.0,249.6
BROVEL-058,GASTROPRAZOL EQ GRANULADO 12 SOBRES,pz,796.0,517.4
BROVEL-060,VITAMINA K 30ML,pz,138.0,
BROVEL-065,GASTROPRAZOL 20MG 20 TAB,pz,164.0,106.6
BROVEL-066,VETORYL 5MG,pz,1054.0,758.88
BROVEL-067,VETORYL 10MG AD016,pz,1451.0,1044.72
BROVEL-068,GASTROPRAZOL 5 MG 20 TAB,pz,139.0,90.35
BROVEL-071,EICOSADERM OMEGA 3 LIQUID 236 ML,pz,883.0,635.76
BROVEL-072,FORTHYRON 200MG 100 TAB,pz,423.0,304.56
BROVEL-074,SEDATOR 10ML,pz,3346.0,2409.12
BROVEL-076,DIRULAN 50MG TAB,pz,215.0,139.75
BROVEL-078,EHRLIC-PET 50 20TAB,pz,249.0,161.85
BROVEL-080,OSURNIA 1ML,PIEZA,281.4,202.61
BROVEL-081,DOMIDINE 5ML,pz,2015.0,1450.8
BROVEL-082,FORTHYRON 800MG C/100 TABLETAS,pz,598.0,430.56
BROVEL-083,CANINE PLUS MULTIVITAMIN 30 TAB,pz,265.0,190.8
BROVEL-084,VETRADENT 60 WIPES,pz,472.0,339.84
BROVEL-088,VETORYL 60 MG,pz,2308.0,11661.76
BROVEL-089,KLEAR OTIC 118ML,pz,320.0,230.4
BROVEL-090,COSACTHEN 1ML,pz,3971.0,2859.12
BROVEL-091,EMAVERT 20ML,pz,2556.0,1916.0
BROVEL-094,AVERDAN 500 ML,pz,361.0,234.65
BROVEL-096,DERMABENSS 355ML,pz,578.0,
BROVEL-098,MALASEB 250ML,pz,432.0,311.04
BROVEL-099,PORUS ONE 500MG,pz,2195.0,1580.4
BROVEL-100,COMPOSURE ALL DOGS 45 CHEWS AD075,pz,585.0,421.2
BROVEL-101,COMPOSURE FELINE BITE-SIZE 30 CHEW AD077,pz,293.0,210.96
BROVEL-102,COMPOSURE MINI SMALL 30 CHEW AD076,pz,293.0,210.96
BROVEL-105,TRIZEDETA CRYSTAL FLUSH 118ML AD010,pz,403.0,290.16
BROVEL-113,FELIMAZOLE 2.5MG,pz,796.0,637.0
BROVEL-114,ZYCORTAL,pz,4349.0,3131.28
BROVEL-115,BURSOL 50ML,pz,361.0,234.65
BROVEL-116,CANINE PLUS SENIOR CHEW 600 TAB,pz,542.0,390.24
BROVEL-118,AMBROXIN 75,pz,235.0,152.75
BROVEL-119,AMBROXIN 300,pz,421.0,273.65
BROVEL-121,CATNEY ONE 30X 520MG,pz,1691.0,1217.52
BROVEL-122,MICONAHEX + TRIZ SHAMPOO 236ML      AD08,pz,463.0,333.36
BROVEL-123,ZENALPHA 10ML,pz,2050.0,1332.5
CABALLO-002,WIND AID BREATHING AID JERINGA 1 OZ,pz,0.0,78.0
CABALLO-008,RED CELL 946 AMERICANO,pz,0.0,250.0
CALIFORNIA-,QUERCETOL 50ML,pz,691.0,483.0
CHEMINOVA-,COMPLEJO ENERGETICO 100ML,pz,0.0,232.5
CHEMINOVA-,XILAZINA 10% CHEMINOVA 50ML,pz,0.0,
CHEMINOVA-,CLINDAMICINA 100ML,pz,0.0,423.0
CHEMINOVA-,PAW PROTECTOR 48G,pz,104.0,72.8
CHI9IN-004,DYSCURAL RUMIANTE 100 ML. 9385,pz,593.0,415.1
CHINOIN-002,DYSCURAL RUM INY. 20 ML  9384,pz,221.0,154.7
CHINOIN-005,ALIN DEPOT SUSP INY.  6 ML     9020,pz,182.0,127.4
CHINOIN-006,SCABISIN SUSPENCION 100 ML   9600,pz,160.38,120.28
CHINOIN-007,SCABISIN JABON  INSECTICIDA 100 GR  9605,pz,102.0,71.4
CHINOIN-008,CLOSANTIL ORAL 5% 1 LTO    9356,pz,1460.0,1022.0
CHINOIN-009,SCABISIN SHAMPOO 250 ML  9602,pz,224.0,156.8
CHINOIN-010,ALIN SOL INY 50 ML 9005,pz,299.0,209.3
CHINOIN-011,KOPTISIN OVINE SUSP 100 ML  9351,pz,284.0,198.8
CHINOIN-012,DYSCURAL PORCINO SOL. INY.  20 ML  9382,pz,257.0,179.9
CHINOIN-013,CLOSANTIL ORAL 5 % 100 ML   9355,pz,205.0,143.5
CHINOIN-016,ALIN DEPOT SUSP. INY.  50 ML    9011,pz,809.0,566.3
CHINOIN-017,SURAL 20 ML     9792,pz,331.0,231.7
CHINOIN-021,ALIN SOL. INY. 100 ML   9006,pz,436.0,305.2
CHINOIN-022,ALIN TABLETAS .5MG C/30     9399,pz,134.0,93.8
CHINOIN-025,ENROXTAL SOL. INY 5% 25ML   9389,pz,131.0,91.7
CHINOIN-027,DYSCURAL PVE SOL. INY. 20 ML  9381,pz,257.0,179.9
CHINOIN-028,ENROXTAL SOL ORAL 0.5% 60 ML  9394,pz,179.0,
CHINOIN-029,ENROXTAL TAB. 150MG C/20 9407,pz,426.0,298.2
CHINOIN-033,KOPTISIN OVINE SUSP. ORAL 1000   9353,pz,2037.0,1425.9
CHINOIN-035,PARASTIN PUPPY SUSP. ORAL 60ML 9334,pz,263.0,184.1
CHINOIN-037,SEVERIN NF S SUSP C/60ML   9027,pz,219.0,153.3
CHINOIN-038,SEVERIN NF TAB C/10    9026,pz,235.0,164.5
CHINOIN-039,SYNALAR NEO CREMA 0.01% 40G  9400,pz,263.0,184.1
CHINOIN-040,VACUFIVE 5V C/1 DS  9827,pz,174.1,121.87
CHINOIN-042,DYSCURAL PORC. INY. 100ML  9383,pz,704.0,492.8
CHINOIN-051,PUPPY PARVO-DHP 1 DS 9815,pz,153.7,107.59
CHINOIN-057,RESPIPET 1 DS  9840,pz,160.5,112.35
CHINOIN-058,GRINOLON SOL. OTICO 10 ML 9338,pz,130.0,91.0
CHINOIN-066,GLUTICORT TABS C/20   9401,pz,404.0,282.8
CHINOIN-067,PREDOFTAL SOL. OFTALMICO 5ML 9339,pz,171.0,119.7
CHINOIN-068,SEVERIN SOL. INY. 15ML  9335,pz,300.0,195.0
CHINOIN-069,ZONAVET SOL.  OFTALMICO 5 ML   9345,pz,268.0,187.6
CHINOIN-070,LODYVET SOL. OFTALMICO 5ML  9346,pz,163.0,114.1
CHINOIN-072,ZOPOL GRIN OFTALMICO 10ML  9344,pz,258.0,180.6
CHINOIN-073,DOXMAS 100 C/10 TAB  9408,pz,263.0,184.1
CHINOIN-074,DOXMAS 200 C/10 TABLETAS    9409,pz,362.0,253.4
CHINOIN-075,ITRASEK COMPRIMIDOS C/20 9402,pz,578.0,
CHINOIN-076,OBRYVET SOL. OFTALMICO 10ML 9340,pz,225.0,157.5
CHINOIN-079,ALIN OFTALMICO 10ML,pz,180.0,126.0
CHINOIN-082,GLUTICOR SUSP INY. C/3 FRASCOS 9403,pz,641.0,448.7
CHINOIN-083,OPTHAVET SOL OFTALMICA 5ML,pz,241.0,168.7
CHINOIN-088,SCABISIN SPOT-ON  6.0ML 40-60KG C/3 9423,pz,1050.0,787.5
CHINOIN-092,CEFURIN PET 600MG 12 TABLETAS 9034,pz,441.0,308.7
CHINOIN-093,CEFURIN PET 300MG 30 TABLETAS 9033,pz,662.0,463.4
CHINOIN-096,SCABISIN CLEAR SHAMPOO 350 mL VET 9038,pz,326.0,228.2
CHINOIN-097,SCABISIN FRESH SHAMPOO 350 mL VET 9039,pz,294.0,205.8
CHINOIN-099,SCABISIN NEUTRO JABON 100g VET 9036,pz,129.92,90.94
CHINOIN-102,CEFURIN PET 150MG 30 TABLETAS 9032,pz,452.0,316.4
CHINOIN-103,DYSCURAL VET SUSP ORAL 60 ML      9044,pz,134.0,93.8
CHINOIN-104,CEFURIN PET SUSP. 60ML 9035,pz,284.0,198.8
CHINOIN-108,AMANTADOL T TABLETA C/30,pz,530.0,371.0
CHINOIN-109,AMANTADOL S     9055,pz,572.0,400.4
CHR HANSEN-,CUAJO CUAMIX 500 ML,pz,0.0,120.0
ELANCO-016,AGITA 100 GR,pz,685.47,515.55
ELANCO-017,LANIRAT-CUBO 28 GR (CUBETA 178),PIEZA,14.93,11.1
ELANCO-021,AGITA TARRO 400 GR,pz,1780.05,1318.8
ELANCO-052,ADVANTIX DOG 1X2.5ML    86683695,pz,419.05,
ELANCO-053,ADVANTIX DOG 1X1.0ML   866683792,pz,390.32,233.2
ELANCO-056,PAVENI 100ML,pz,176.85,130.81
ELANCO-059,CREDELIO PLUS 1 TAB 56.25/2.11MG 1-2.8KG,pz,324.45,194.67
ELANCO-060,CREDELIO PLUS 1 TAB 112.5/4.22MG 2.8-5KG,pz,338.87,203.32
ELANCO-061,CREDELIO PLUS 1 TAB 225/8.44MG 5.5-11KG,pz,359.47,215.68
ELANCO-062,CREDELIO PLUS 1 TAB 450/16.88MG 11-22KG,pz,396.55,237.93
ELANCO-063,CREDELIO PLUS 1 TAB 900/33.75MG 22-45KG,pz,427.45,256.47
ELANCO-068,ATOPICA 100MG X 30 BLCS,pz,1398.6,1092.96
ELANCO-070,EQUILIBRIUM ARTIPLUS 60 TAB,pz,755.0,490.0
FARMATEC-,LEPECID 352 ML,pz,223.0,124.24
FARMATEC-,LEPECID 175 ML,pz,180.0,100.29
FARMATEC-,PRIDE EQUINO 950 ML,pz,329.0,183.3
GOODS-018,NAVAJA #7 ANDIS,pz,0.0,779.54
GOODS-019,NAVAJA #4 ANDIS,pz,0.0,911.56
GPOACUARIO-,BIBERON P/CACHORRO NATURANCE 56 ML,pz,0.0,19.5516
HALVET-003,BRAVO 1 LTO,pz,819.0,532.35
HALVET-004,BRAVO SPRAY 100 ML,pz,200.0,130.0
HALVET-005,VIRUSTAD 50 ML,pz,287.0,186.55
HALVET-006,EMETIN INY. 10 ML,pz,83.0,53.95
HALVET-007,TOMO 250 ML,pz,186.0,
HALVET-008,VIRUSTAD 100 ML,pz,439.0,285.35
HALVET-009,TOMO 100 ML,pz,125.0,81.25
HALVET-010,TOMO 60 ML,pz,85.0,55.25
HALVET-011,VIRUSTAD 10 ML,pz,104.0,67.6
HALVET-012,EMETIN INY. 50 ML,pz,274.0,178.1
HALVET-013,GOTIKAS 18 ML,pz,193.0,125.45
HALVET-014,BRAVO 100 ML,pz,136.0,88.4
HALVET-016,BRAVO SHAMPOO 200 ML,pz,162.0,105.3
HALVET-017,ESCUDERM SPRAY,pz,194.0,126.1
HALVET-019,ANIMOX 30 TAB,pz,309.0,200.85
HALVET-028,BENDAVAL GOTAS 18 ML,pz,110.0,71.5
HALVET-029,ENROL CON DIP 100 ML,pz,300.0,195.0
HALVET-030,NEUTRAC 10 ML,pz,68.0,44.2
HALVET-031,CARPROTEC 100MG 30 TAB,pz,804.0,522.6
HALVET-032,ESCUDERM SHAMPOO 250 ML,pz,260.0,169.0
HALVET-035,BRONCOTRIM 100 ML,pz,151.0,98.15
HALVET-036,OPTIGEN 5 ML,pz,104.0,67.6
HALVET-037,RESPIREN 10 ML,pz,94.0,61.1
HALVET-040,BRAVO BIG SPRAY 250ML,pz,415.0,269.75
HALVET-041,DICLOFEN GOTAS 5 ML,CLOF,113.0,
HALVET-045,NEUTRAC 30 TAB.,pz,225.0,146.25
HALVET-046,ENROL C/ DIP. 30TAB,pz,387.0,251.55
HALVET-049,VITARE OMG FRASCO 60 ML,pz,256.0,166.4
HALVET-050,NEUTRAC 50 ML,pz,267.0,173.55
HALVET-051,RESPAIRE 30 TAB,pz,324.0,210.6
HALVET-052,RESULVET 30 TAB,pz,250.0,162.5
HALVET-053,HALFIN 100 ML,pz,259.0,168.35
HALVET-054,BENDAVAL 30 TAB,pz,381.0,247.65
HALVET-055,BRAVO 250 ML,pz,264.0,171.6
HALVET-061,ESCUDERM JABON 80 GR,pz,123.0,79.95
HALVET-062,JABON TERZOO 80 GR,pz,80.0,52.0
HALVET-074,EMETIN ORAL 30ML,pz,100.0,65.0
HALVET-077,NEUTRAC ORAL 18ML,pz,95.0,61.75
HALVET-078,PROMOFER 250ML,pz,308.0,200.2
HALVET-082,DAMAX 11 50 TABLETAS 110MG,pz,559.0,363.35
HALVET-083,DAMAX  50 TABLETAS 330MG,pz,1322.0,859.3
HALVET-086,CARPROTEC 20 TAB,pz,284.0,184.6
HALVET-090,TOMO MASCOTA 60 ML,pz,85.0,55.25
HALVET-091,GOTAS XILOCAM  DE 10 ML,pz,335.0,217.75
HALVET-092,XILOCAM DE 10 ML,pz,207.0,
HALVET-093,XILOCAM DE 50 ML,pz,445.0,289.25
HALVET-096,TOMO MASCOTA 100 ML,pz,125.0,81.25
HALVET-127,IDOL 120 ML,pz,227.0,147.55
HOLLAND-001,ABSORBINE LINIMIENTO 473 ML,pz,466.0,372.8
HOLLAND-002,FLAGYPLEX 60 ML,pz,181.0,126.7
HOLLAND-003,JABON LASSY INSECTICIDA 100 GRS,pz,98.11,68.68
HOLLAND-004,ABSORBINE SUPERPOO 946 ML,pz,342.0,290.7
HOLLAND-006,VERMIPLEX PLUS 10 KG CARTERA C/2 TABLET,pz,93.5,65.45
HOLLAND-007,JABON LASSY MEDICADO 100 GRS,pz,114.0,79.8
HOLLAND-008,VERMIPLEX PUPPY SUSP 40 ML,pz,210.0,147.0
HOLLAND-009,SPECTRUM AMOXICILINA-AC CLAV 50MG 20 TAB,pz,244.0,170.8
HOLLAND-010,VERMIPLEX PUPPY SUSP 120 ML,pz,402.0,281.4
HOLLAND-011,ABSORBINE LINIMENTO 946ML,pz,847.0,677.6
HOLLAND-012,SPECTRUM DOXICICLINA 250 MG 30 TAB,pz,502.0,351.4
HOLLAND-013,SPECTRUM DOXICICLINA 100 MG 30 TAB,pz,316.0,221.2
HOLLAND-016,SHOW SHEEN 946ML,pz,495.0,420.75
HOLLAND-017,MICOPLEX PLUS SHAMPOO 350 ML,pz,369.0,258.3
HOLLAND-018,SPECTRUM CEFALEXINA 75 MG TABLETAS,pz,225.0,157.5
HOLLAND-019,SPECTRUM CEFALEXINA 150 MG TABLETAS,pz,331.0,231.7
HOLLAND-020,SPECTRUM CEFALEXINA 300 MG TABLETAS,pz,516.0,
HOLLAND-021,SHAMPOO LASSY INSECTICIDA 350 ML,pz,222.64,155.85
HOLLAND-022,NUTRIPLEX GEL 120 GR,pz,333.0,233.1
HOLLAND-023,CARTIPLEX 30 TAB,pz,598.0,418.6
HOLLAND-025,BACTODERM SHAMPOO 350 ML,pz,332.0,232.4
HOLLAND-026,SPECTRUM DOXICICLINA 50 MG 30 TAB,pz,222.0,155.4
HOLLAND-027,SPECTRUM AMOXICILINA AC CLAV 500MG 20TAB,pz,713.0,499.1
HOLLAND-030,RELAXICAM 1 MG C/30 TAB,pz,339.0,237.3
HOLLAND-031,VERMIPLEX PUPPY 5 kg  CARTERA C/6 TABLET,CART,89.16,62.41
HOLLAND-032,SHAMPOO LASSY MEDICADO,pz,264.0,184.8
HOLLAND-033,VERMIPLEX PLUS 30 KG CARTERA C/2 TAB.,PIEZA,179.5,125.65
HOLLAND-035,SPECTRUM AMOXICILINA CLAVULA SUSP.30 ML,pz,213.0,149.1
HOLLAND-036,SULFAMETAXASOL-TRIMETROPIM SUSP. 60 ML,pz,166.0,116.2
HOLLAND-037,MULTIVITAMINICO LASSY 30TAB,pz,323.0,226.1
HOLLAND-038,MICOPLEX MAX SHAMPOO,pz,431.0,301.7
HOLLAND-039,PRAMOXINE MAX SHAMPOO 350ML,pz,431.0,301.7
HOLLAND-040,CLOREXIDERM MAX SHAMPOO 350ML,pz,431.0,301.7
HOLLAND-041,OMEGADERM SHAMPOO 350ML,pz,464.0,324.8
HOLLAND-042,MICOPLEX MAX SPRAY 120ML,pz,325.0,227.5
HOLLAND-043,SPECTRUM CIPROFLOXACINA-METRONIDAZOL 700,pz,290.0,203.0
HOLLAND-044,SPECTRUM CLINDAMICINA 50MG TABLETAS,pz,306.0,
HOLLAND-045,SPECTRUM CEFALEXINA 600MG TABLETAS,pz,794.0,555.8
HOLLAND-046,OTIPLEX PLUS 20 ML.,pz,261.0,182.7
HOLLAND-047,DERMOPLEX CREMA 60GR,pz,367.0,256.9
HOLLAND-048,RELAXICAM SUSP 10ML,pz,99.0,69.3
HOLLAND-049,TOPLEX 60GM POMADA,pz,247.0,172.9
HOLLAND-051,SPECTRUM ENROFLOXACINA  SUSP. 40ML,pz,181.0,126.7
HOLLAND-052,SHAMPOO LASSY NEUTRO 350ML,pz,215.0,150.5
HOLLAND-055,SPECTRUM CLINDAMICINA 20 TAB. 25MG TABLE,pz,203.0,142.1
HOLLAND-056,SPECTRUM CLINDAMICINA 125MG TABLETAS,pz,503.0,352.1
HOLLAND-057,SPECTRUM AMOXICILINA-AC CLAV 250MG 20TAB,pz,479.0,335.3
HOLLAND-058,RX CANOPLEX AGES 30 TAB,pz,449.0,314.3
HOLLAND-059,PRAMOXINE MAX SPRAY 150ML,pz,325.0,227.5
HOLLAND-060,DERMOPLEX AGES 30 TABS,pz,437.0,305.9
HOLLAND-061,SPECTRUM ENROFLOXACINA 50MG TABLETAS,pz,141.0,98.7
HOLLAND-063,RX SPECTRUM CLINDAMICINA SOL 25ML,pz,406.0,284.2
HOLLAND-065,FOLIPLEX SHAMPOO 350ML,pz,454.0,317.8
HOLLAND-066,CANOMUNE PUPPY DP,PIEZA,172.17,120.52
HOLLAND-067,CANOMUNE PUPPY 1 DS DHA2PPI,PIEZA,181.5,127.05
HOLLAND-068,CANOMUNE PUPPY DH2PPI+L4,PIEZA,209.0,146.3
HOLLAND-069,RABIMUNE 1DS,PIEZA,77.5,
HOLLAND-071,CANOPLEX CALCIO AD3 30 TABLETAS,pz,296.0,207.2
HOLLAND-072,CANOPLEX JR 30 TAB,pz,412.0,288.4
HOLLAND-074,SPECTRUM ENROFLOXACINA 150MG,pz,321.0,224.7
HOLLAND-077,CARTIPLEX 60 TABLETAS,pz,1043.0,730.1
HOLLAND-080,SKIN-RESTORE 120ML,pz,247.0,172.9
HOLLAND-081,OTI-RESTORE 250ML,pz,247.0,172.9
HOLLAND-083,RELAXICAM 2.5MG C/30 TAB,pz,552.0,386.4
HOLLAND-084,GERIAPLEX,pz,454.0,317.8
HOLLAND-085,RELAXICAM 4.0MG 30 TAB,pz,660.0,462.0
HOLLAND-088,CONDROPRODYL 25 MG,pz,392.0,274.4
HOLLAND-089,CONDROPRODYL 75 MG,pz,544.0,380.8
HOLLAND-090,CONDROPRODYL 100 MG,pz,727.0,508.9
HOLLAND-091,RX FELVITAL R-UT 100ML,pz,309.0,216.3
HOLLAND-092,RX FELVITAL R-L CARNITINA 80ML,pz,283.0,198.1
HOLLAND-093,RX FELVITAL ITRACONAZOL 60ML,pz,309.0,216.3
HOLLAND-094,RX FELVITAL TAURINA 80ML,pz,283.0,198.1
HOLLAND-095,RX GASTROPLEX 20MG 30 TAB,pz,180.0,126.0
HOLLAND-096,TRAMAPLEX SUSP. 10ML,pz,328.0,229.6
HOLLAND-097,CLOREXIDERM MAX SPRAY 120 ML,pz,325.0,227.5
HOLLAND-098,GI-RESTORE 12G,pz,706.0,
HOLLAND-099,EAR CLEAN 120ML,pz,,
HOLLAND-100,HYDRO SKIN JABON 100GR,pz,,
HOLLAND-101,FELVITAL R TRI-DEFENSE 30ML,pz,,
HOLLAND-103,PREDNI-CARE 20MG/20TABLETAS,pz,,
HOLLAND-104,RX. GASTROPLEX OMEPRAZOL 5MG/30TABS,pz,,
HOLLAND-105,RX SPECTRUM DOXICICLINA 100MG (200 TAB),pz,,
HOLLAND-106,RX SPECTRUM DOXICICLINA 250MG (200 TAB),pz,,
HOLLAND-107,OATMEAL SHAMPOO 250ML,pz,,
HOLLAND-108,RX FELVITAL PREDNISOLONA 30ML,pz,,
HOLLAND-109,RX SPECTRUM DOXICICLINA 50MG (200 TAB),pz,,
HOLLIDAY-003,PIMOCARD 1.25 20 TABLETAS 55023,pz,,
HOLLIDAY-004,PIMOCARD 2.5 20 TABLETAS,pz,,
HOLLIDAY-005,PIMOCARD 5 20 TABS 55025,pz,,
HOLLIDAY-006,ENZIMAX 2 BLISTIER C/10 COMP 55042,pz,,
HOLLIDAY-010,RELAY C 10 COMP,pz,,
HOLLIDAY-011,CARDIAL 5MG 3 BLISTERS X 10 COMP 55012,pz,,
HOLLIDAY-013,OL-TRANS FLEX 10 BLISTIER X7 COMPRIMIDOS,pz,,
HOLLIDAY-015,CARDIAL B 2.5MG 2 BLISTERS X10 COM 55020,pz,,
HOLLIDAY-016,CARDIAL B 5MG 2 BLISTER X 10 COMP 55021,pz,,
HOLLIDAY-017,CARDIAL B 10MG 2 LISTERS X 10 COMP.,pz,,
HOLLIDAY-030,PROTELIV TAB 3BLIS X 7COMP 55048,pz,890.0,623.0
HOLLIDAY-032,PROTELIV PASTA 7GR PARA GATOS,pz,550.0,385.0
INNOPHARMA-,BISMUXIL PET´S PASTA ORAL JGA/30ML N0002,pz,460.0,322.0
INNOPHARMA-,CLINDASERIN GEL CAJA C/TUBO C/30G TOP,pz,496.0,347.2
INNOPHARMA-,DOLFENO 40MG CAJA C/20 N0251,pz,516.0,361.2
INNOPHARMA-,DOLFENO 80MG CAJA C/20             N0252,pz,586.0,410.2
INNOPHARMA-,INNOPRAMID GOTAS FCO. 25ML,pz,186.0,130.2
INNOPHARMA-,MELOXINN SOL CJA. FCO 30ML. INY N0076,pz,410.0,287.0
INNOPHARMA-,PROTOZOL-S FCO 120ML N0190,pz,346.0,242.2
INNOPHARMA-,SILIPROTEC FCO. 60 TABLETAS N0193,pz,510.0,357.0
INNOPHARMA-,TERBIGERM SHAMPOO FCO. 250ML TÓPICO,pz,450.0,315.0
INNOPHARMA-,NIXOREN CJA. X/20 TAB. N0181,pz,196.0,137.2
INNOPHARMA-,NIXOREN-150 CAJA C/20 TAB. ORAL N0889,pz,400.0,280.0
INNOPHARMA-,RESVEFLEX P TAB CJA. C/100,pz,1340.0,938.0
INNOPHARMA-,SUCRALVET GEL JERINGA 15ML N0353,pz,368.0,257.6
INNOPHARMA-,SUCRALVET GEL JGA.30ML N0352,pz,450.0,315.0
INNOPHARMA-,AZITRO-VET CAJA C/FCO P/30ML ORAL N0324,pz,300.0,210.0
INNOPHARMA-,BISMUXIL-P POLVO CAJA C/3 SOB.15GR N0733,PIEZA,396.0,277.2
INNOPHARMA-,BRONAVERIO TAB CAJA 20 TAB. ORAL,pz,396.0,277.2
INNOPHARMA-,CIS-A-PRID SUSP. CJA C/FCO. 20ML,pz,286.0,
INNOPHARMA-,CLINDAFUR SOL. INY. 25ML N0319,pz,396.0,277.2
INNOPHARMA-,CLOSBUTIL POL SOBRES C/5G ORAL,PIEZA,90.0,63.0
INNOPHARMA-,KALMAX 10MG ORAL CJA. C/10TAB N0523,pz,320.0,224.0
INNOPHARMA-,MARBOREN TAB. CJA C/BLISTER C/10 ORAL,pz,360.0,252.0
INNOPHARMA-,NEODERM POL (TUBO CON 30 GR) TOP,pz,386.0,270.2
INNOPHARMA-,ONDANTRON 10ML  N0337,pz,780.0,546.0
INNOPHARMA-,ONDANTRON 50ML INY,pz,2000.0,1400.0
INNOPHARMA-,CLINDAFUR-S 30 ML ORAL N0320,PIEZA,426.0,298.2
INNOPHARMA-,TERBIGERM 120 C/ATOMIZADOR ML N0180,pz,396.0,277.2
INNOPHARMA-,TERBIGERM OTICO TUBO 15 GR N0149,pz,530.0,371.0
INNOPHARMA-,ULCETRAT 10MG C/10 TAB,pz,180.0,126.0
INNOPHARMA-,PRE&PROBIOS  SOBRE C/3GR ORAL N0955,PIEZA,50.52,35.362
INNOPHARMA-,ULCETRAT 50MG CJA C/10 TABLETAS,pz,280.0,196.0
INNOPHARMA-,SPIRUVET C/60 TAB       N0310,pz,448.28,313.79
INNOPHARMA-,CEFALAX-S SOL  50ML N0328,pz,416.0,291.2
INNOPHARMA-,CEFALAX 10ML,pz,216.0,151.2
INNOPHARMA-,CEFALAX -50 50ML INY N0187,pz,638.0,446.6
INNOPHARMA-,CLEMASTINE TAB C/20 N0363,pz,320.0,224.0
INNOPHARMA-,FUNGOFLUX TAB C/14  N0207,pz,346.0,242.2
INNOPHARMA-,HIALUDOL 4ML                    N0954,pz,1626.0,
INNOPHARMA-,TOLEDINN 50 ML,pz,420.0,294.0
INNOPHARMA-,DOLO-FEBRE TAB. C/15 150mg         N0366,pz,470.0,329.0
INNOPHARMA-,DOLFENO 120MG CAJA C/20      N0253,pz,740.0,518.0
INNOPHARMA-,KALMAX 20MG ORAL CAJA C/10 TABLETAS,pz,376.0,263.2
INNOPHARMA-,TERBIGERM P 120 C/ATOMIZADOR  N0182,pz,490.0,343.0
INNOPHARMA-,DENTAL BOOST ORAL CAJA C/100 TABS N0088,pz,2731.034,1911.72
INNOPHARMA-,DENTAL BOOST TAB CAJA C/30 TABS  N0089,pz,905.17,633.62
INNOPHARMA-,TILOSSIN 100  10 TABLETAS N0709,pz,386.0,270.2
INNOPHARMA-,TILOSSIN 300 TABLETAS C/10 TAB  N0710,pz,660.0,462.0
INNOPHARMA-,MARBORENFLU 10 TABLETAS N0711,pz,530.0,371.0
INNOPHARMA-,AMIODARINN TAB CAJA C/30 N0706,pz,870.0,609.0
INNOPHARMA-,HEMOFINN TAB CJA C/10 N0707,pz,596.0,417.2
INNOPHARMA-,HEMOFINN TAB CJA C/30 N0708,pz,1320.0,924.0
INNOPHARMA-,INNOHEART TAB CAJA C/30 N00705,pz,310.0,217.0
INNOPHARMA-,INMUNOVET PRO 75GR     N0068,pz,1010.345,707.24
INNOPHARMA-,RESVEFLEX 20 TAB CAJA C/60,pz,1120.0,784.0
INNOPHARMA-,NEUROINN C/60 TABLETAS      N0094,pz,1122.41,785.69
INNOPHARMA-,UROINN 75GR     N0722,pz,775.86,543.1
INSECTICIDA-,FAENA NORMAL 1 LTO,pz,0.0,200.0
INSECTICIDA-,SANGHA GEL 30 GR,pz,195.0,
INSECTICIDA-,ANTEX 227 GR. 5 LBS,pz,180.0,137.0
INSECTICIDA-,TROMPA 100 GR.,pz,75.0,51.0
INSECTICIDA-,DAGGER SOBRE 20 GR,pz,80.0,52.0
INSECTICIDA-,FAENA FUERTE 1 LTS.,pz,0.0,230.0
INSECTICIDA-,DAGGER TARRO 1 KG,pz,1100.0,722.0
INSECTICIDA-,RAT KILL SOBRE,PIEZA,0.0,12.0
INSECTICIDA-,ANTEX TARRO 75 GR,pz,85.0,56.5
INSECTICIDA-,DAGGER 100 GR,pz,185.0,120.0
INSTRUMENTA,JERINGA DESECH. 1 ML,pz,0.0,0.0
INSTRUMENTA,JERINGA DESECH. 10 ML.,pz,0.0,3.5
INSTRUMENTA,JERINGA DESECH. 20 ML,pz,0.0,5.15
INSTRUMENTA,JERINGA DESECH.  5 ML,pz,0.0,3.07
INSTRUMENTA,JERINGA DESECH. 3 ML.,pz,0.0,2.37
INSTRUMENTA,AGUJA DESECHABLE,pz,0.0,1.1
INSTRUMENTA,AGUJA ALUMINIO DIFERENTES MEDIDAS,pz,0.0,4.1
INSTRUMENTA,FUNDA FRANCESA PAQ. C/50 PZA.,pz,0.0,110.0
INSTRUMENTA,GUANTE P/PALPAR KRUTEX     HY-TEC,pz,0.0,2.0
INSTRUMENTA,MARCADOR PUNTO MEDIANO P/ARETE,pz,0.0,200.0
INSTRUMENTA,GUANTE ESTERIL LATEX,pz,0.0,4.3
INSTRUMENTA,"VENDA POWERFLEX - HY-TEC - COHESIVA 4""",PIEZA,0.0,
INSTRUMENTA,BIBERON URUS 50 ML,pz,0.0,0.0
INSTRUMENTA,COLLAR ISABELINO #3  (12.5CM),pz,0.0,69.0
INSTRUMENTA,COLLAR ISABELINO #4  (15 CM),pz,0.0,108.0
INSTRUMENTA,COLLAR ISABELINO #5  (20 CM),pz,168.26,118.0
INSTRUMENTA,COLLAR ISABELINO # 6 (25CM),pz,0.0,159.0
INSTRUMENTA,COLLAR ISABELINO # 7 (30 CM),pz,0.0,195.0
INSTRUMENTA,COLLAR ISABELINO # 1 (7.5CM),pz,69.09,52.0
KANTEK-001,KANTEK ALIMENTO SECO ADULTO 20K,pz,1725.84,1311.65
KANTEK-002,KANTEK ALIMENTO SECO ADULTO 2KG,pz,223.91,154.5
KANTEK-005,KANTEK ALIMENTO SECO CACHORRO 2KG,pz,256.0,171.53
KANTEK-006,KANTEK ALIMENTO SECO ADULTO R.PEQ.. 2KG,pz,264.23,171.75
KANTEK-008,KANTEK ALIMENTO SECO FELINOS 1.5KG,pz,233.63,156.53
KIRON-001,DETER 5  60TABLETAS,pz,348.6,244.02
KIRON-011,AZITROKIR M 200 6 TABLETAS LKM002,pz,292.0,204.4
KIRON-012,AZITROKIR M SUSPENSION 30ML LKM004,pz,309.0,216.3
KIRON-013,KIROPRED 5 20TAB LKM015,pz,277.0,193.9
KIRON-014,KIROPRED 20 20 TAB LKM016,pz,333.0,233.1
KIRON-015,KIROPRED 50 20TAB LKM017,pz,542.0,379.4
KIRON-016,KIR-ANTHEL PUPPIES 25ML LKM034,pz,200.0,140.0
KIRON-017,KIR-ANTHEL PUPPIES 200 ML LKM043,pz,434.0,
KIRON-018,KIR-ANTHEL 10 CJA C/20 TAB LKM037,pz,630.0,441.0
KIRON-019,KIR-ANTHEL 35 CJA 10 TAB   LKM038,pz,913.0,639.1
KIRON-021,METRAZOL SUSPENSION 30ML LKM053,pz,137.0,95.9
KIRON-022,METRAZOL 250 14TAB LKM054,pz,125.0,87.5
KIRON-023,METRAZOL 500 14 TAB LKM055,pz,152.0,106.4
KIRON-026,GASTROZOL 20 14TAB LKM059,pz,126.0,88.2
KIRON-027,FRAGANCIAS KIRON 100 ML VARIOS AROMAS,pz,189.84,132.89
KIRON-028,KIROSULF-T 60ML LKM010,pz,152.0,106.4
KIRON-030,KIROFTAL GENTA 12ml  Oftalmica LKM032,pz,149.0,104.3
KIRON-031,KIROFTAL DICLO 12ML Oftalmica LKM033,pz,151.0,105.7
KIRON-032,KIROFTAL AZITROKIR 5ML Oftalmic  LKM1010,pz,290.0,203.0
KIRON-036,PERFORMANCE AGES 30 TAB Suplementos 023,pz,420.0,294.0
KIRON-038,PERFORMANCE RECONST VITAMINAS 30T LKM025,pz,270.0,189.0
KIRON-039,CONDROPROTECTOR VITAMINADO 30 TAB LKM071,pz,608.0,425.6
KIRON-040,AZITROKIR M 400 6 TABLETAS LKM003,pz,381.0,266.7
KIRON-041,KIROFTAL DEXA 5 ML Oftamica LKM1012,pz,126.0,88.2
KIRON-042,KIROFTAL KIROPRED 5 ML Oftalmico LKM1009,pz,152.0,106.4
KIRON-043,GASTROZOL 5 14 TAB  LKM058,pz,109.0,76.3
KIRON-044,KIROFTAL NEODEX 5 ML  Oftalmica LKM1013,pz,164.0,114.8
KIRON-049,KIRODROXIL 200 7 TABLETAS LKM005,pz,186.0,
KIRON-055,QUIROFLOX 2.5% 30ml LKM039,pz,130.0,91.0
KIRON-056,COX II 1MG 30 TAB LKM011,pz,429.0,300.3
KIRON-058,COX II 4 MG 30 TAB LKM013,pz,708.0,495.6
KIRON-065,N-EMESIS SOL. ORAL 15ML LKM028,pz,87.0,60.9
KIRON-066,BIOEST-3 V 30ML LKM029,pz,212.0,148.4
KIRON-067,KIROTIC 4L Otico  18ML LKM030,pz,191.0,133.7
KIRON-068,KIROSEPTIC SPRAY 100 ML LKM031,pz,179.0,125.3
KIRON-079,KIRODROXIL 200 100 TABLETAS LKM072,pz,1411.0,987.7
KIRON-081,KIR-ANTHEL MAX 30 EXH C/20 TAB LKM116,pz,2265.0,1585.5
KIRON-086,TERBINAFIN C/20 TAB   LKM113,pz,325.0,227.5
KIRON-095,KIROFTAL CICLOSPORIN 5 ML LKM126,pz,461.0,322.7
KIRON-105,SUCRAL SUSP. 60ML,pz,215.0,150.5
KIRON-106,VIBIX C5,pz,0.0,0.0
KIRON-107,VIBIX C6R 1ML,pz,0.0,0.0
KIRON-109,ACALMA CATS SPRAY 60ML,pz,0.0,0.0
KIRON-110,ACALMA DOGS SPRAY 60ML,pz,0.0,0.0
KIRON -034,LAGRIVET 8 GR Oftalmica,pz,161.0,112.7
LABYES-001,TEARS LAGRIMAS 8ML,pz,485.0,363.75
LABYES-002,GERIOOX 30 COMP,pz,1145.0,858.75
LABYES-003,CREMA 6A 15.0G,pz,305.0,
LABYES-004,CONDROITIN INY. 5 ML,pz,1145.0,858.75
LABYES-008,FELINE FULLSPOT .5-2 KG .40ML,pz,365.0,273.75
LABYES-009,FELINE FULLSPOT 2-5KG .80ML,pz,405.0,303.75
LABYES-010,FELINE FULLSPOT + 5KG 1.2ML,pz,425.0,318.75
LABYES-012,TOBRAMAX 5ML,pz,585.0,438.75
LABYES-013,CIPROVET 5ML,pz,645.0,483.75
LABYES-016,TAU OFTALMICO COLIRIO ANTIB. 10ML,pz,245.0,183.75
LABYES-017,TAU OFTALMICO COLIRIO ANTIB. C/EST,pz,285.0,213.75
LABYES-018,OCUBIOTIC CLIRIO ANTIB. 5 ML,pz,325.0,243.75
LABYES-020,OSTEOCART PLUS 30 COMP,pz,825.0,618.75
LABYES-021,PROTECH GATOS HASTA 5KG,pz,205.0,153.75
LABYES-022,PROTECH GATOS  MAS DE 5KG,pz,225.0,168.75
LABYES-032,FELINE ENDOSPOT .5-2KG .40ML,pz,305.0,228.75
LABYES-033,FELINE ENDOSPOT 2-5KG .80ML,pz,345.0,258.75
LABYES-034,FELINE ENDOSPOT +5KG 1.20ML,pz,365.0,273.75
LABYES-073,TRIHEPAT 100ML,pz,625.0,468.75
LAPISA-019,TRAK 1 LTO,pz,0.0,352.0
LAPISA-026,TRAK 100 ML,pz,220.24,154.6
LAPISA-031,BIOPAR 100 ML,pz,0.0,92.0
LAPISA-039,GARRABAN 100 ML,pz,309.21,
LAPISA-060,DECTIVER PREMIUM 500 ML. 3.15%,pz,0.0,1540.0
LAPISA-068,BROMUCOL 100 ML,pz,393.81,275.66
LAPISA-082,TICOFF 30 ML,pz,115.93,81.58
LAPISA-089,TICOFF 100 ML,pz,326.33,229.0
LAPISA-092,BOVIMUNE SINGLE SHOT 250 ML 50 DS,pz,0.0,307.0
LAPISA-104,PROMETABOL ADE 100 ML,pz,2569.14,1797.68
LAPISA-200,DERMOSCENT 10 ESSENTIAL 4X.6ML SPOTONDOG,pz,894.09,625.71
LAPISA-201,DERMOSCENT 40 ESSENTIAL 4X2.4 SPOTON DOG,pz,1158.08,810.95
LAPISA-202,DERMOSCENT BIO BALM 50ML,pz,867.83,608.21
LAPISA-203,DERMOSCENT ESSENTIAL 6 4X0.6ML SPOTONCAT,pz,892.62,624.26
LAPISA-204,DERMOSCENT CICAFOLIA 30ML,pz,808.03,565.91
LAPISA-205,DERMOSCENT PYO CLEAN OTO 10X5ML,pz,784.69,549.87
LAPISA-206,ESSENTIAL 6 SEBO SHAMPOO 200ML,pz,339.84,259.62
LAPISA-207,ATOP 7 SHAMPOO 200ML,pz,475.48,364.64
LAPISA-208,PYOCLEAN SHAMPOO 200ML,pz,351.5,268.37
LAPISA-209,ATOP 7 SPOT-10 4X0.6ML 0-10KG DERMOSCENT,pz,1220.3,854.99
LAPISA-210,ATOP 7 SPOT-20 4X1.2.10-20KG DERMOSCENT,pz,1452.5,1016.75
LAPISA-211,DERMOSCENT 40 ATOP 7 SPOT 4X2.4ML,pz,1728.09,1209.66
LAPISA-212,PROMETABOL ADE 20ML,pz,238.56,166.95
LAPISA-213,NEURECIA 20ML,pz,2100.98,
LAPISA-214,SHIELD IN 60 TABLETAS,pz,1098.65,768.35
LAPISA-215,SHIELD OUT 112.5MG-2A 4.5KG,pz,591.0,236.0
LAPISA-216,SHIELD OUT 250MG 4.5 A 10KG,pz,622.0,249.0
LAPISA-217,SHIELD OUT 500MG 10 A 20KG,pz,651.0,260.0
LAPISA-218,SHIELD OUT 1000MG 20 A 40KG,pz,690.0,276.0
LAPISA-222,DERMOSCENT 10 PYO SPOT-ON  4 PIP.X 0.6ML,pz,1121.61,784.69
LAPISA-223,DERMOSCENT 20 PYO SPOT-ON  4 PIPX1.2ML,pz,1333.1,933.46
LAPISA-224,DERMOSCENT 40 PYO SPOT-ON 4 PIP X2.4ML,pz,1585.42,1109.94
LAPISA-225,DERMOSCENT AROMACALM FOR DOGS 1COLLAR,pz,1029.73,720.52
LAPISA-226,DERMOSCENT AROMACALM FOR CATS 1COLLAR,pz,901.37,631.55
LAPISA-227,KANEOZOL 60ML,pz,134.18,93.34
LAPISA-230,DERMOSCENT ATOP SPRAY 75ML,pz,1080.77,756.98
LAPISA-231,DERMOSCENT ESSENTIAL MOUSSE FOR CATS,pz,726.35,509.03
LAPISA-232,DERMOSCENT ESSENTIAL MOUSSE FOR DOGS,pz,787.61,551.32
LAPISA-234,TRAK 40ML,pz,168.9,118.8
LAPISA-239,DORSO PET GUARD SPOT ON 1 PIPETA 0.5ML,pz,307.73,216.13
LOEFFLER-001,SULFATO DE ATROPINA 60 ML.,pz,674.0,471.8
LOEFFLER-002,ESTROL 10 ML,pz,190.0,133.0
LOEFFLER-004,SULFATO DE ATROPINA 10 ML,pz,121.92,85.344
LOEFFLER-013,TRIAMIDOL 20ML. INY,pz,642.0,
LOEFFLER-015,TOLERAX 100ML. INY,pz,1124.0,786.8
MAVER-007,CUFER PERROS Y GATOS 250ML,pz,0.0,110.0
MEDERILAB-,EPILEPXIS 5 30 TAB.,pz,320.0,240.0
MEDERILAB-,EPILEPXIS 10 30 TAB,pz,444.0,333.0
MEDERILAB-,BLOCK IN PETS 60 ML,pz,84.0,63.0
MEDERILAB-,BLOCK IN PETS 100 ML,pz,121.0,90.75
MEDERILAB-,DERMISAN SPRAY 60 ML,pz,185.0,138.75
MEDERILAB-,FORTE SPRAY 120ML,pz,172.0,129.0
MEDERILAB-,FORTE SPRAY 240ML,pz,320.0,240.0
MEDERILAB-,EPILEPXIS 30 30TAB,pz,864.0,648.0
MEDERILAB-,LEVIVET INY. 25ML,pz,1059.0,794.25
MEDERILAB-,LEVIVET 10 C/30 TAB,pz,667.0,500.25
MEDERILAB-,ENRODIP 30 TABLETAS,pz,306.0,229.5
MEDERILAB-,METOCLOP 50ML INY,pz,246.0,184.5
MEDERILAB-,METOCLOP ORAL 10 ML INY.,pz,84.0,63.0
MEDERILAB-,CEFALMED 30 30TAB,pz,790.0,592.5
MEDERILAB-,MOXID 100ML INY.,pz,333.0,249.75
MEDERILAB-,METOCLOP ORAL 20ML,pz,84.0,63.0
MEDERILAB-,NIDAZOL ORAL 60ML,DAZO,96.0,120.0
MEDERILAB-,RELAAX 30ML ORAL,pz,147.0,
MEDERILAB-,OTISAN OTICO 20ML,pz,172.0,129.0
MEDERILAB-,DERMISAN SHAMPOO 340ML,pz,333.0,249.75
MEDERILAB-,GLUTAMINA TARRO 90 GR,pz,234.0,175.5
MEDERILAB-,E 150 30 TAB.,pz,691.0,518.25
MEDERILAB-,CEFALMED -10 30 TAB,pz,394.0,295.5
MEDERILAB-,CLINDACIN -10 30 TAB,pz,444.0,333.0
MEDERILAB-,CLINDACIN -30 30TAB,pz,765.0,573.75
MEDERILAB-,FIPROMED GATO 38 ML,pz,158.0,118.5
MEDERILAB-,ENROCAM 25 ML,pz,135.0,101.25
MEDERILAB-,DERMISAN-10 30 TAB.,pz,320.0,240.0
MEDERILAB-,GENTADEX SOL. OFTALMICA 10 ML,pz,123.0,92.25
MEDERILAB-,ENROCAM-10 100ML,pz,543.0,407.25
MEDERILAB-,CLORHEXIN SPRAY 60ML,pz,122.0,91.5
MEDERILAB-,NIDAZOL iv INY.100ML,pz,135.0,101.25
MEDERILAB-,SINDOL 10 30 TAB,pz,407.0,305.25
MEDERILAB-,SINDOL 30 30 TABLETAS,pz,543.0,407.25
MEDERILAB-,LEVIVET SUSP ORAL 150ML,pz,1197.0,897.75
MEDERILAB-,NIDAZOL-10 C/30 TABLETAS,pz,222.0,166.5
MEDERILAB-,GASTRYL ORAL 20ML,pz,98.0,73.5
MEDERILAB-,CARTIMED C/30 TABLETAS,pz,543.0,
MEDERILAB-,ENRO SUSPENSION 20ML,pz,98.0,73.5
MEDERILAB-,PREGABALYN-5 30 TAB,pz,382.0,286.5
MEDERILAB-,ALBEN MAX 30 30TAB,pz,1470.0,1102.5
MEDERILAB-,OMEPRA C/30 TABLETAS,pz,197.0,147.75
MEDERILAB-,DOXIMED -30 30 TAB.,pz,593.0,444.75
MEDERILAB-,RESPIMED 30 TAB,pz,296.0,222.0
MEDERILAB-,DETECCION DE AG PARVOVIRUS,pz,363.0,272.25
MEDERILAB-,TRISUL D 100ML,pz,529.0,396.75
MEDERILAB-,NIDAZOL-30 30 TABLETAS,pz,469.0,351.75
MEDERILAB-,ARTRODOL-10 30 TABLETAS,pz,526.0,394.5
MEDERILAB-,CLORHEXIN GEL,pz,320.0,240.0
MEDERILAB-,LAGRIMED 10ML SOL. OFTALMICA,pz,147.0,110.25
MEDERILAB-,ALBEN MAX 10 30 TAB,pz,715.0,536.25
MEDERILAB-,DERMISAN-30 30 TABLETAS,pz,667.0,500.25
MEDERILAB-,OTILAV SOL. OTICA 120 ML,pz,147.0,110.25
MEDERILAB-,OFTALGEN SOL. OFTALMICA 10 ML,pz,98.0,73.5
MEDERILAB-,OFTALDIC SOL. OFTALMICA 10 ML,pz,98.0,73.5
MEDERILAB-,DOXIMED-10 30 TABLETAS,pz,320.0,240.0
MEDERILAB-,LEVIVET-30 30 TAB,pz,1409.0,1056.75
MEDERILAB-,TRISUL PETS 60ML,pz,160.0,
MEDERILAB-,"DETECCION DE CPV/CCV,CORONAVIRUS,GIARDIA",pz,482.0,361.5
MEDERILAB-,DETECCION AG LEUCEMIA /INMUNODEF FELINA,pz,586.0,439.5
MEDERILAB-,NUTRIVIT 30 TABS.,pz,333.0,249.75
MEDERILAB-,ALBEN MAX PUPPY ORAL 20ML,pz,135.0,101.25
MEDERILAB-,CLAXIN ORAL 15ML,pz,135.0,101.25
MEDERILAB-,COCCIMED-5 30 TAB,pz,529.0,396.75
MEDERILAB-,COCCIMED 10 30 TABLETAS,pz,790.0,592.5
MEDERILAB-,CLORHEXIN JABON,pz,98.0,73.5
MEDERILAB-,PREGABALYN-30 30 TABLETAS,pz,1149.0,861.75
MEDERILAB-,TRISUL PETS 20ML,pz,98.0,73.5
MEDERILAB-,ALBEN PUPPY 30 TABLETAS,pz,320.0,240.0
MEDERILAB-,CLAXIN-30 30 TABS,pz,1112.0,834.0
MEDERILAB-,CLAXIN-10 30 TABS,pz,529.0,396.75
MEDERILAB-,NUTRIVIT GEL 120.5 GRS,pz,333.0,249.75
MEDERILAB-,CLINDAGEN 100 ML,pz,889.0,666.75
MEDERILAB-,SILKY SHAMPOO 240ML,pz,184.0,138.0
MEDERILAB-,RENALOF PETS ORAL 150ML,pz,1112.06,889.65
MEDERILAB-,GASTRYL INY 50ML     68527,pz,222.0,166.5
MEDERILAB-,MEGLUDOL 25ML,pz,172.0,129.0
MEDERILAB-,GLUTAMINA C/12 SOBRES,pz,407.0,
MEDERILAB-,FORTE JABON 100GR,pz,98.0,73.5
MERIAL-060,NEXGARD SPECTRA PP/EXCHICO 2-3.5 kG 7070,pz,411.88,205.94
MERIAL-061,NEXGARD SPECTRA P/ CHICO 3.5-7.5KG 27071,pz,435.66,217.83
MERIAL-062,NEXGARD SPECTRA M /MED 7.5-15KG .27072,pz,461.26,230.63
MERIAL-063,NEXGARD SPECTRA G / GDE 15-30KG 27073,pz,487.01,243.51
MERIAL-064,NEXGARD SPECTRA GG/EXGDE 30-60KG 27074,pz,550.58,275.29
MICROSULES-,SUERO VITMIC 500 ML COMPLEMENTO,pz,0.0,198.0
MSD-018,GORBAN 100 ML,PIEZA,0.0,731.4
MSD-023,PANACUR SOBRE 10.23 GR 22%,PIEZA,0.0,82.18
MSD-024,PANACUR SOBRE 12.5 GR 4%,PIEZA,0.0,45.08
MSD-025,PANACUR SUSP. 10% 1 LTO,PIEZA,0.0,1727.3
MSD-029,TAKTIC 1 LTO,PIEZA,0.0,537.05
MSD-030,TAKTIC 200 ML,PIEZA,0.0,219.65
MSD-032,T-61 50ML,PIEZA,1725.0,1208.0
MSD-035,VETALGINA 100 ML,PIEZA,0.0,277.15
MSD-036,VETALGINA 50 ML,PIEZA,0.0,204.7
MSD-037,SALIX 10 ML,PIEZA,329.0,230.0
MSD-046,BRAVECTO 112.5 MG 1 TAB 2 - 4.5 KG,PIEZA,741.0,333.0
MSD-047,BRAVECTO 250.0 MG 1 TAB 4.5-10 KG,PIEZA,781.0,351.0
MSD-048,BRAVECTO 500.0 MG 1 TAB 10- 20 KG,PIEZA,817.0,
MSD-049,,,,
MSD-050,,,,
MSD-057,,,,
MSD-071,,,,
MSD-079,,,,
MSD-080,,,,
MSD-081,,,,
MSD-082,,,,
MSD-083,,,,
MSD-084,,,,
MSD-086,,,,
MSD-089,,,,
MSD-092,,,,
MSD-094,,,,
MSD-095,,,,
MSD-098,,,,
MSD-099,,,,
MSD-103,,,,
MSD-105,,,,
MSD-112,,,,
MSD-116,,,,
MSD-120,,,,
MSD-121,,,,
MSD-122,,,,
MSD-123,,,,
MSD-124,,,,
MSD-125,,,,
MSD-127,,,,
MSD-128,,,,
MSD-129,,,,
MSD-130,,,,
MSD-131,,,,
NEOGEN-001,,,,
NEOGEN-002,,,,
NEOGEN-003,,,,
NEOGEN-004,,,,
NEOGEN-005,,,,
NEOGEN-006,,,,
NORVET-006,,,,
NORVET-018,,,,
NORVET-027,GENTAJET 100ML,pz,450.0,315.0
NORVET-029,TRAMA PETS PLUS XS 10 TAB,pz,215.0,150.5
NORVET-034,AZUL VET AEROSOL,pz,237.0,165.9
NORVET-039,OMEGA PETS C30 TAB,pz,349.0,244.3
NORVET-042,DEXA JET NRV 100 ML,pz,314.0,219.8
NORVET-043,CEFA-PETS S 30 TAB 45mg A0064,pz,222.0,155.4
NORVET-047,SULFA JET 100ML,pz,630.0,441.0
NORVET-048,PREDNI PETS M 12.5MG 30 TAB AN0008,pz,332.0,232.4
NORVET-050,STOP JET 125 ML,pz,107.0,74.9
NORVET-052,TRAMADOL PETS S 10 MG. 10 TAB AN0037,pz,191.0,133.7
NORVET-057,TRAMADOL PETS M 20 MG 10 TAB AN0038,pz,246.0,172.2
NORVET-061,ENER JET LITE PLUS 500ML CABALLOS V0025,pz,254.0,177.8
NORVET-063,GABAPENTIN  L  250MG 30 TAB AN0064,pz,503.0,352.1
NORVET-064,TRAMA PETS PLUS S 10 TAB,pz,279.0,195.3
NORVET-065,PRODOL JET   30ML,pz,86.0,60.0
NORVET-066,DOLOCAR PLUS S 10 TAB,pz,159.0,111.3
NORVET-067,DOLOCAR PLUS M 10 TAB,pz,198.0,138.6
NORVET-068,DOLOCAR PLUS L 10 TAB,pz,371.0,259.7
NORVET-070,DOLOCAR PLUS XL 10 TAB,pz,686.0,480.2
NORVET-071,"TYRO PETS ""L"" 0.6mg 30 TAB H003",pz,198.0,
NORVET-072,FUROSI PETS 6MG S 20 TAB,pz,158.0,110.6
NORVET-073,FUROSI PETS 28MG M 20 TAB F0033,pz,206.0,144.2
NORVET-074,FUROSI PETS 50MG L 20 TAB,pz,238.0,166.6
NORVET-078,TRAMADOL PETS ORAL 30ML,pz,398.0,278.6
NORVET-080,PREDNI PETS L 30 TAB 25mg,pz,398.0,278.6
NORVET-081,TRAMADOL PETS L 40MG 10 TAB,pz,332.0,232.4
NORVET-083,DOXI PETS S 50MG 30 TAB. A0070,pz,238.0,166.6
NORVET-084,TYRO PETS XL .8MG 30 TAB H0004,pz,238.0,166.6
NORVET-086,PREDNI PETS S30 TAB 5mg   AN0007,pz,245.0,171.5
NORVET-087,CLINDA PETS L 125MG 30 TAB,pz,574.0,401.8
NORVET-088,CLINDA PETS S 25MG 30 TAB,pz,200.0,140.0
NORVET-091,CARTIPETS PLUS 10 30 TABLETAS C0004,pz,769.0,538.3
NORVET-096,RAMIPRIL M 30 TAB 5-10KG CA0006,pz,596.0,417.2
NORVET-097,COMPLET MAX S 30 TAB  D0091,pz,536.0,375.2
NORVET-099,SULFATRIM PETS 80MG SUO. ORAL 60ML,pz,274.0,191.8
NORVET-107,RAMIPRIL S 30 TAB 2.5-5KG CA0005,pz,348.0,243.6
NORVET-112,"TYRO PETS ""S"" 0.2mg  30 TAB",pz,145.0,101.5
NORVET-116,COMPLET PLUS L CAJA C/20 TAB,pz,903.0,632.1
NORVET-119,"TYROPETS ""M"" .4 MG",pz,166.0,116.2
NORVET-122,TRAMA PETS PLUS L 10 TAB,pz,415.0,
NORVET-124,RAMIPRIL PLUS S 5KG 5MG/10MG C/30 TAB,pz,498.0,348.6
NORVET-125,RAMIPRIL PLUS M 10K 1MG/20MG  C30 TAB,pz,696.0,487.2
NORVET-127,COMPLET PLUS M CAJA C/30 TAB,pz,696.0,487.2
NORVET-129,COMPLET PLUS S CJA C/30 TABLETAS D0011,PIEZA,498.0,348.6
NORVET-131,MELOXI JET 2 MG,pz,447.0,312.9
NORVET-134,DOXI PETS L 250mg 30 TAB,pz,531.0,371.7
NORVET-135,CLINDA PETS XL 200mg 30 TAB,pz,868.0,607.6
NORVET-136,CLINDA PETS M 50mg 30 TABLETAS,pz,324.0,226.8
NORVET-139,GIARDICOX M 250 MG 20 TAB,pz,442.0,309.4
NORVET-140,ITRACONAPETS  S 25MG 20 TAB,pz,264.0,184.8
NORVET-141,ITRACONAPETS M 50MG 20 CAP F0008,pz,398.0,278.6
NORVET-145,CEFA-PET'S  M 30 TAB 150mg A0065,pz,378.0,264.6
NORVET-146,CEFA-PET'S  XL 20 TAB 500mg,pz,546.0,382.2
NORVET-147,CEFA-PET'S L 30 TAB 300mg,pz,555.0,388.5
NORVET-149,RAMIPRIL PLUS L 20K.  2MG/40MG  C/30 TAB,pz,844.0,590.8
NORVET-151,DERMA CREM 40GR,pz,142.0,99.4
NORVET-154,CARTIPETS PLUS 25  30TABLETAS C0003,pz,1342.0,939.4
NORVET-157,CARTIPETS 10 30 TAB,pz,589.0,412.3
NORVET-160,GABAPENTIN 50MG 30 TABLETAS,pz,208.0,145.6
NORVET-161,AMOXIPETS 125MG 30 TAB M,pz,242.0,
NORVET-162,FLOXI-PETS 150MG 30 TAB G 30kg,pz,744.0,520.8
NORVET-163,GIARDICOX SUSP. 50ML D0003,pz,359.0,251.3
NORVET-164,COXI PETS 5% 30 ML,pz,301.0,210.7
NORVET-169,ITRACONAPETS 125MG 20 CAPS,pz,578.0,404.6
NORVET-171,CLINDA JET 100MG 25 ML,pz,457.0,319.9
NORVET-172,GABAPENTIN M 100MG,pz,314.0,219.8
NORVET-178,COMPLET PLUS SUSP. ORAL 30ML D0008,pz,191.0,133.7
NORVET-179,GABAPENTIN XL 400MG 30 TAB,pz,732.0,512.4
NORVET-181,FLOXI-PETS 50MG 30 TAB M 10kg  A0068,pz,298.0,208.6
NORVET-189,COMPLET PLUS GATOS 30ML,pz,134.0,93.8
NORVET-190,CARTIPETS 25 30 TABLETAS C0002,pz,1036.0,725.2
NORVET-191,DOXI PETS XL 500MG 30TABLETAS,pz,822.0,575.4
NORVET-194,MELOXIPETS S 1MG 30 TABLETAS AN0011,pz,464.0,324.8
NORVET-197,MELOXIPETS XL 5MG 30 TABLETAS,pz,927.0,648.9
NORVET-198,CEFTRIA PETS 50MG 10ML,pz,149.0,104.3
NORVET-200,AMO-PETS SUSP ORAL 15GR / 28ML,pz,140.0,98.0
NORVET-201,SULFATRIM PETS 40MG SUSP.ORAL 60ML A0083,pz,173.0,121.1
NORVET-202,GIARDICOX S 20 TAB,pz,206.0,144.2
NORVET-205,COMPLET PLUS S SUSP ORAL 120 ML (D0009),pz,629.0,440.3
NORVET-206,MELOXIPETS L 4 MG 30 TABLETAS,pz,830.0,
NORVET-207,CARTIPETS C 25 30 TABLETAS C0013 c/capro,pz,1492.0,1044.4
NORVET-208,CARTIPETS C 10 30 TAB C0012 c/caprofeno,pz,941.0,658.7
NORVET-226,COMPLET MAX SUSP ORAL 120ML,pz,968.0,677.6
ORDO?EZ-001,UNGUENTO LA TIA 250 GR,pz,400.0,377.0
ORDO?EZ-002,UNGUENTO LA TIA 125 GR.,pz,240.0,206.0
ORDO?EZ-003,UNGUENTO LA TIA 60 GR.,pz,145.0,124.0
PANAVET-008,CALCIPROTEIN VITAMINADO 500 ML,pz,0.0,0.0
PARFARM-001,HISTAFIN 100 ML,pz,280.0,146.0
PARFARM-003,VITAFORT A 100 GRS,PIEZA,76.5,44.0
PARFARM-004,ARSIL 100 ML,pz,308.0,160.0
PARFARM-008,ARSIL 50 ML,pz,199.0,103.0
PARFARM-010,VITAFORT A 10 GRS,PIEZA,13.0,7.5
PARFARM-011,ERICLOR AVICOLA 100 GRS,pz,426.0,222.0
PARFARM-012,ERICLOR AVICOLA 10 GRS,PIEZA,46.22,27.0
PARFARM-015,VITAFORT PELECHA 10 GR,pz,9.4,5.5
PARFARM-016,FORESTRO INY. 10ML,pz,119.0,62.0
PARFARM-017,VITAFORT A 500 GR,pz,210.8,117.0
PARFARM-018,VITAFORT POSTURA 500GR,pz,158.33,88.0
PARFARM-023,VITAFORT POSTURA 10GR,pz,9.35,5.2
PETGEL-001,LACTOPET (PTG) CAJA CON 20 TABLETAS,pz,172.41,
PETSPHARMA-,FRESH CARE BEBE 125ML PET443,pz,202.58,141.81
PETSPHARMA-,FRESH CARE CAROLINA H 125 ML.  PET004,pz,202.58,141.81
PETSPHARMA-,FRESH CARE ANIMALE 125 ML PET005,pz,202.58,141.81
PETSPHARMA-,FRESH CARE DRAKKAR 125ML,pz,202.58,141.81
PETSPHARMA-,FRESH CARE ETERNITY 125 ML PET007,pz,202.58,141.81
PETSPHARMA-,FRESH CARE CK ONE 120ML PET008,pz,202.58,141.81
PETSPHARMA-,FRESH CARE PACO RABANE 125ML PET032,pz,202.58,141.81
PETSPHARMA-,VITHA TABS 30 TAB PET019,pz,260.0,182.0
PETSPHARMA-,OMEGA TABS C/30  PET405,pz,420.0,294.0
PETSPHARMA-,PHARMOTIL INY 50ML PET037,pz,295.0,206.5
PETSPHARMA-,RANIPETS INY 50ML PET038,pz,276.0,193.2
PETSPHARMA-,RANIPETS TABS C/30TAB  PET114,pz,226.0,158.2
PETSPHARMA-,RANIPETS ORAL 15ML PET406,pz,88.0,61.6
PETSPHARMA-,KAOFIN 100 ML PET237,pz,188.0,131.6
PETSPHARMA-,OTIKO 18ML PET028,pz,191.0,133.7
PETSPHARMA-,CLOREXIVET OTICO 30ML PET086,pz,115.0,80.5
PETSPHARMA-,DICLOVET OFTALMICO 10ML PET084,pz,146.0,102.2
PETSPHARMA-,AMOXIPET JR 15 ML  PET139,pz,120.0,84.0
PETSPHARMA-,AMOXIPET  250 60ML PET140,pz,189.0,132.3
PETSPHARMA-,AMOXIPET PLUS SUSPENSION 15ML PET249,pz,219.0,
PETSPHARMA-,MICROFLOX 2.5% SOLUGEL 60ML  PET427,pz,217.0,151.9
PETSPHARMA-,SULFAVET 60ML PET067,pz,144.0,100.8
PETSPHARMA-,IVERKAN 2.5 SB 10X2 TAB PET473,pz,418.0,292.6
PETSPHARMA-,IVERKAN-10 EXHIBIDOR 15X2 TAB PET259,pz,1100.0,770.0
PETSPHARMA-,CLOREXIVET PLUS SHAMPOO 350ML PET508,pz,385.0,269.5
PETSPHARMA-,DERMATRYL MEDICADO SHAMPOO 350ML PET505,pz,314.0,219.8
PETSPHARMA-,NEUTRADERM SHAMPOO 350ML PET504,pz,234.0,163.8
PETSPHARMA-,GENTANAZOL SPRAY 60ML PET235,pz,208.0,145.6
PETSPHARMA-,EFA DERM LIQUID 125ML PET464,pz,352.0,246.4
PETSPHARMA-,XILAPET 2% 25ML,pz,690.0,483.0
PETSPHARMA-,AMOXIPET PLUS SUSP 60 ML  PET233,pz,399.0,279.3
PETSPHARMA-,GIARDI PETS AMARILLO 25MG C/20 PET535,pz,230.0,161.0
PETSPHARMA-,GIARDI PETS VERDE 250MG C/20 TAB PET534,pz,445.0,311.5
PETSPHARMA-,BENZODERM SHAMPOO 350ML PET503,pz,345.0,241.5
PETSPHARMA-,SEDALPHARMA 100ML PET018,pz,710.0,497.0
PETSPHARMA-,DERMACALM SHAMPOO 350ML PET507,pz,358.0,250.6
PETSPHARMA-,APETIKAN SOL. ORAL 30ML PET115,pz,215.0,150.5
PETSPHARMA-,APETIKAN  C/20 TABLETAS PET132,pz,295.0,206.5
PETSPHARMA-,DOXIPETS 100 C/20 TAB PET094,pz,263.0,184.1
PETSPHARMA-,DOXIPETS 400 C/20 TAB PET096,pz,400.0,
PETSPHARMA-,IVERKAN SUSPENSION 20ML PET242,pz,135.0,94.5
PETSPHARMA-,IVERKAN SUSPENSION 60ML PET243,pz,328.0,229.6
PETSPHARMA-,ARTRO TABS 30 TAB  PET274,PIEZA,608.0,425.6
PETSPHARMA-,IVERKAN-30 TABLETAS CJ C/15X2    PET260,PIEZA,2700.0,1890.0
PETSPHARMA-,CLOREXIVET SOL. 100ML  PET040,pz,177.0,123.9
PETSPHARMA-,DERMATRYL JABON 100 GR PET521,pz,135.0,94.5
PETSPHARMA-,KANNES JABON INSECTICIDA 100 GR PET523,pz,99.0,69.3
PETSPHARMA-,EFA DERM LIQ. 237ML PET465,pz,580.0,406.0
PETSPHARMA-,DOXIPETS 100 C/100 TAB PET095,pz,1067.0,746.9
PETSPHARMA-,MICROFLOX 100 MG C/20 TAB PET429,pz,387.0,270.9
PETSPHARMA-,DOXIPETS 400 C/50 TAB PET097,pz,909.0,636.3
PETSPHARMA-,CEPHATABS 300 C/30 TAB PET159,pz,630.0,441.0
PETSPHARMA-,CEPHATABS 150 C/30 TAB PET158,pz,428.0,299.6
PETSPHARMA-,AMOXIPET TABS C/30 TABLETAS PET173,pz,388.0,271.6
PETSPHARMA-,AMOXIPET PLUS 250MG C/30 TABLETAS PET174,pz,497.0,347.9
PETSPHARMA-,SULFAVET TABS C/30 TABLETAS PET172,pz,214.0,149.8
PETSPHARMA-,AMOXIPET PLUS 500MG C/14 TABLETA PET432,pz,362.0,253.4
PETSPHARMA-,MICROFLOX 50MG C/20 TABLETAS PET428,PIEZA,221.0,154.7
PETSPHARMA-,CEPHAPET 600  60ML PET056,pz,432.0,302.4
PETSPHARMA-,AMOXIN 250 30ML PET279,pz,262.0,
PETSPHARMA-,AMOXIN 100 30ML PET278,pz,183.0,128.1
PETSPHARMA-,VITHA TABS SENIOR PET442,pz,398.0,278.6
PETSPHARMA-,VITHA TABS SB 30 TAB PET435,pz,285.0,199.5
PETSPHARMA-,PHARMOTIL ORAL 15ML  PET137,pz,90.0,63.0
PETSPHARMA-,BENZODERM JABON 100GR PET516,pz,162.0,113.4
PETSPHARMA-,DERMAFLAM JABON 100GRN PET518,pz,155.0,108.5
PETSPHARMA-,MICODERM JABON 100 GR  PET514,pz,160.0,112.0
PETSPHARMA-,CLOREXIVET PLUS JABON 100GR PET517,pz,165.0,115.5
PETSPHARMA-,NEUTRADERM JABON 100GR PET515,pz,126.0,88.2
PETSPHARMA-,GENTACYN OFTALMICO 10ML PET085,pz,138.0,96.6
PETSPHARMA-,KONAVET 30 TAB. PET234,pz,325.0,227.5
PETSPHARMA-,KANNES SHAMPOO INSECTICIDA  400ML PET522,pz,222.0,155.4
PETSPHARMA-,KAOFIN 60ML  PET236,pz,125.0,87.5
PETSPHARMA-,MICODERM SHAMPOO 350ML PET509,pz,382.0,267.4
PETSPHARMA-,DERMAFLAM SHAMPOO 350ML PET510,pz,339.0,237.3
PETSPHARMA-,DERMATRYL SHAMPOO 350ML PET520,pz,288.0,201.6
PETSPHARMA-,DERMATRYL SPA SHAMPOO 350ML PET506,pz,240.0,168.0
PETSPHARMA-,MICROFLOX 150 MG C/10TAB PET430,pz,269.0,188.3
PETSPHARMA-,MELOXIVET SUSPENSION 10ML PET239,pz,317.0,221.9
PETSPHARMA-,MELOXIVET SUSP 32ML,pz,495.0,
PETSPHARMA-,MELOXIVET PET 20ML  PET241,pz,556.0,389.2
PETSPHARMA-,DERMATRYL JABON MEDICADO 100GR PET513,pz,144.0,100.8
PETSPHARMA-,DERMATRYL SPA JABON 100GR EPT512,pz,123.0,86.1
PETSPHARMA-,DERMACALM JABON 100GR PET511,pz,158.0,110.6
PETSPHARMA-,MELOXIVET 1 MG C/30 TAB  PET175,pz,429.0,300.3
PETSPHARMA-,CALCIPETS TABS C/30 PET020,pz,265.0,185.5
PETSPHARMA-,CEPHAPETS 250 60ML PET055,pz,269.0,188.3
PETSPHARMA-,MELOXIVET 2.5MG c/30 TABLETAS PET176,pz,566.0,396.2
PETSPHARMA-,MELOXIVET 4MG C/30 TAB PET177,pz,708.0,495.6
PETSPHARMA-,IVERPLUS 1% 10ML PET025,pz,0.0,0.0
PETSPHARMA-,CLOREXIVET CLEAN 100ML PET550,pz,194.0,135.8
PETSPHARMA-,DERMACALM SPRAY 130ML PET519,pz,329.0,230.3
PETSPHARMA-,LACTY-PET DOG 450GR  PET563,pz,303.45,257.93
PETSPHARMA-,LACTY-PET CAT 360 GR. PET564,pz,379.31,322.41
PETSPHARMA-,NEOSIN T 25G PET594,pz,164.0,114.8
PETSPHARMA-,NUTRICOVERY DOG 180ML,pz,430.17,301.12
PETSPHARMA-,NUTRICOVERY CAT 180ML,pz,430.17,301.12
PETSPHARMA-,KANNES REPELENTE  237 ML PET622,pz,202.58,141.81
PETSPHARMA-,KANNES ENTRENADOR 237 ML PET637,pz,193.96,135.77
PETSPHARMA-,BIOTROL CLINIC BZ 4L,pz,592.0,
PETSPHARMA-,CICATRYVET SPRAY 100ML,pz,277.0,193.9
PETSPHARMA-,GIARDI PETS PLUS SUSP. PERRO 60ML,pz,290.0,203.0
PETSPHARMA-,GIARDI PETS PLUS SUSP. GATO 60ML,pz,285.0,199.5
PETSPHARMA-,CICLOMUN TX 50ML,pz,0.0,0.0
PETSPHARMA-,DEXAFLAM 100ML,pz,0.0,0.0
PISA-002,NF 180 NF TABLETA  4002890,PIEZA,5.92,3.17
PISA-003,KRUNAMINA V. ROJA .5MG 10 ML 4046054,pz,3057.0,2142.0
PISA-004,TOPAZONE AEROSOL   400 ML,pz,390.0,210.45
PISA-005,MELOCAXYL TABLETAS 1MG CJ. C/30  4046067,pz,385.0,269.0
PISA-007,FUREAL BOLOS,PIEZA,38.28,23.16
PISA-009,PRANTEL PLUS TOY C/24 TAB 4041198,pz,250.0,175.0
PISA-010,NAPZIN 10 ML   4001326,pz,149.0,107.0
PISA-011,FURACINE POMADA 453 GR 4001227  PQ,pz,835.0,585.0
PISA-012,MELOCAXYL IV 20 INY. 50ML 4050193,pz,565.0,379.0
PISA-013,PIROFLOX 10% 250 ML    4001256,pz,584.0,324.3
PISA-015,NAPZIN SOL. INY. 100 ML 4001320,pz,529.0,373.0
PISA-017,FURACINE POMADA 85 GR.  4001226 . PQ,pz,298.0,208.0
PISA-018,TRES SULFAS  500 ML SOLUCION INY 4001292,pz,551.0,340.4
PISA-019,COMPLENAY B12 ELIXIR 100 ML  4001203,PIEZA,284.88,200.36
PISA-023,STOP ON 250 ML 4001214,PIEZA,233.83,
PISA-025,,,,
PISA-027,,,,
PISA-028,,,,
PISA-029,,,,
PISA-033,,,,
PISA-034,,,,
PISA-036,,,,
PISA-037,,,,
PISA-040,,,,
PISA-045,,,,
PISA-046,,,,
PISA-047,,,,
PISA-048,,,,
PISA-054,,,,
PISA-055,,,,
PISA-056,,,,
PISA-057,,,,
PISA-058,,,,
PISA-060,,,,
PISA-061,,,,
PISA-062,,,,
PISA-064,,,,
PISA-065,,,,
PISA-068,,,,
PISA-069,,,,
PISA-073,,,,
PISA-081,,,,
PISA-082,,,,
PISA-088,,,,
PISA-090,,,,
PISA-098,,,,
PISA-099,,,,
PISA-100,,,,
PISA-102,,,,
PISA-103,,,,
PISA-106,,,,
PISA-107,,,,
PISA-110,,,,
PISA-112,,,,
PISA-113,,,,
PISA-115,,,,
PISA-120,,,,
PISA-134,,,,
PISA-142,,,,
PISA-146,,,,
PISA-147,,,,
PISA-151,,,,
PISA-153,,,,
PISA-157,,,,
PISA-163,,,,
PISA-166,,,,
PISA-168,,,,
PISA-169,,,,
PISA-170,,,,
PISA-171,,,,
PISA-172,,,,
PISA-173,,,,
PISA-174,,,,
PISA-178,,,,
PISA-182,,,,
PISA-184,,,,
PISA-185,,,,
PISA-186,,,,
PISA-187,,,,
PISA-191,,,,
PISA-194,,,,
PISA-195,,,,
PISA-202,,,,
PISA-206,,,,
PISA-207,,,,
PISA-221,,,,
PISA-223,,,,
PISA-23,,,,
PISA-234,,,,
PISA-240,,,,
PISA-241,,,,
PISA-244,,,,
PISA-248,,,,
PISA-249,,,,
PISA-250,,,,
PISA-252,,,,
PISA-255,,,,
PISA-256,,,,
PISA-258,,,,
PISA-260,,,,
PISA-262,,,,
PISA-263,,,,
PISA-264,,,,
PISA-265,,,,
PISA-266,,,,
PISA-268,,,,
PISA-269,,,,
REVEMEX-021,,,,
REVEMEX-031,,,,
REVETMEX-,,,,
REVETMEX-,,,,
REVETMEX-,,,,
REVETMEX-,,,,
REVETMEX-,,,,
REVETMEX-,,,,
REVETMEX-,POLIVIT B-12+ADE FCO. 100 ML,pz,494.0,231.91
REVETMEX-,POLIVIT B-12+ADE FCO. 250 ML.,pz,914.0,429.07
REVETMEX-,SULFATRIM 100 ML,pz,633.0,314.64
REVETMEX-,ENDOVET GALLOS 1 CARTERA CON 4 TABL,pz,37.16,19.63
REVETMEX-,SUPER POLIVIT GALLOS 5500 50ML,pz,658.0,347.51
REVETMEX-,ENDOVET CREMA 50 GRS,pz,270.0,126.75
REVETMEX-,DOLOVET OFTALMICO GOTERO 10ML,PIEZA,178.1,83.61
REVETMEX-,ENDOVET CES INYECTABLE 100 ML,pz,867.0,366.31
REVETMEX-,POLIVIT B12 + ADE 10 ML,PIEZA,74.4,41.91
REVETMEX-,BRONQUIVET NF 50ML,pz,349.0,196.6
REVETMEX-,ELECTROLITOS 100 GR,PIEZA,101.0,56.9
REVETMEX-,MICOFIN TABLETA CARTERA DE 4TBS.,CART,39.68,23.95
REVETMEX-,MICOFIN 1% 30 ML SPRAY,pz,241.0,113.14
REVETMEX-,RAFOXCUR 100 ML,pz,439.0,264.97
REVETMEX-,SANA SANA GEL 200 GR,pz,227.0,137.01
REVETMEX-,SUPER POLIVIT GALLOS 5500 5ML,pz,195.0,109.85
REVETMEX-,DIURAVET 10 ML,pz,247.0,122.77
REVETMEX-,IMIDOFIN TABLETAS C/20 TAB.,pz,528.0,223.08
REVETMEX-,DOLOVET TABLETAS CARTERA C/4 TABLETAS,CART,43.64,18.44
REVETMEX-,ENDOVET PASTA 14GR,pz,191.0,
REVETMEX-,CALCIOAMINOVIT 500ML,pz,366.0,220.91
REVETMEX-,DOLO-VET TABLETAS CAJA CON 20 TABLETAS,pz,225.0,95.06
REVETMEX-,GALLIFORTE BLISTER C/20 GRAJEAS,BLIST,59.0,49.84
REVETMEX-,OMETRYL 2 CAJA CON 14 TABLETAS,pz,0.0,0.0
REVETMEX-,OMETRYL 5 CAJA CON 14 TABLETAS,pz,0.0,0.0
REVETMEX-,OMETRYL 10 CAJA CON 20 TABLETAS,pz,0.0,0.0
REVETMEX-,OMETRYL 20 CAJA CON 20 TABLETAS,pz,0.0,0.0
REVETMEX-,OMETRYL 40 CAJA CON 20 TABLETAS,pz,0.0,0.0
SANTGAR-078,VEXAINA FORTE 5ML,pz,0.0,0.0
SANTGARD-,TX  DE OJO SECO,pz,721.0,541.0
SANTGARD-,TX  DE ULCERA CORNEAL SIMPLE,pz,516.0,387.0
SANTGARD-,TX  DE ULCERA CORNEAL COMPLICADA,pz,549.0,412.0
SANTGARD-,PROXIFLOX,pz,190.0,142.0
SANTGARD-,HUMECTAN SOL. 5ML,pz,223.0,167.0
SANTGARD-,TOBRACIN,pz,165.0,124.0
SANTGARD-,DICLOFTAN,pz,153.0,115.0
SANTGARD-,OTIKAN 120ML,pz,141.0,106.0
SANTGARD-,NUTRALUB VET (ADVANCE),pz,282.0,212.0
SANTGARD-,OFTAVITAM A,pz,253.0,190.0
SANTGARD-,CORTIPET 5MG,pz,270.0,
SANTGARD-,CORTIPET 10MG,pz,305.0,229.0
SANTGARD-,CORTIPET 20MG,pz,332.0,249.0
SANTGARD-,TRAVOSANT FORTE,pz,626.0,469.0
SANTGARD-,MIDRIAVET,pz,243.0,182.0
SANTGARD-,CLORANFIVET,pz,146.0,109.0
SANTGARD-,DORZOLAVET COMPUESTO (DORMAX),pz,531.0,398.0
SANTGARD-,POLITRIACINA,pz,230.0,172.0
SANTGARD-,TOBRACETIL,pz,245.0,183.0
SANTGARD-,TIRAS DE SCHIMER 20 PZAS,pz,0.0,126.0
SANTGARD-,TIRAS FLUORESCEINA 100 PZAS,pz,0.0,410.0
SANTGARD-,TIRAS FLUORESCEINA 20 PZAS,pz,0.0,108.0
SANTGARD-,HUMECTAN UNGUENTO,pz,147.0,110.0
SANTGARD-,BETAGEN FORTE (VEXAINA FORT),pz,339.0,255.0
SANTGARD-,DORZOLAVET GOTAS (DORPRESS),pz,430.0,323.0
SANTGARD-,TACROSAN SOL,pz,405.0,303.0
SANTGARD-,ZEAX 90 TABLETAS RAZAS PEQUEÑAS,pz,795.0,596.0
SANTGARD-,ZEAX 45 TABLETAS RAZAS PEQUENAS,pz,451.0,338.0
SANTGARD-,ZEAX 90 TABLETAS RAZAS GRANDES,pz,902.0,676.0
SANTGARD-,ZEAX 45 TABLETAS RAZAS GRANDES,pz,513.0,385.0
SANTGARD-,TIRAS ROSA DE BENGALA 20 PZS,pz,0.0,
SANTGARD-,OTIKAN 60ML,pz,77.0,58.0
SANTGARD-,OTIKLIN 120ML,pz,123.0,93.0
SANTGARD-,OTIKLIN 60 ML,pz,77.0,58.0
SANTGARD-,OTIKAN PLUS 120ML,pz,425.0,319.0
SANTGARD-,INOFTAL (INMUNOC SOL.),pz,412.0,309.0
SANTGARD-,DEMECAN OFTENO (DEMECOFT),pz,340.0,255.0
SANTGARD-,INDOVET PRED (INDOPTIC),pz,267.0,200.0
SANTGARD-,MIRAT SOLUCION,pz,146.0,109.0
SANTGARD-,EDETAL GEL,pz,207.0,155.0
SANTGARD-,GATIOFTENO (GATIPLUS ADVANCE),pz,389.0,292.0
SANTGARD-,OFTACICLINA 5GR,pz,164.0,123.0
SANTGARD-,INMUNOC UNGUENTO,pz,413.0,310.0
SANTGARD-,AZITRO OFTENO (ZITOOFTAL),pz,267.0,200.0
SANTGARD-,OPTIDOX,pz,231.0,173.0
SANTGARD-,INODIL 5MG,pz,361.0,270.0
SANTGARD-,INODIL 1 MG,pz,268.0,201.0
SANTGARD-,DEXIVET (DEXIOPTIC),pz,194.0,146.0
SANTGARD-,GENOFTAL,pz,271.0,203.0
SANTGARD-,PARACAINA,pz,194.0,146.0
SANTGARD-,TX  DE INFLAMACION INTRAOCULAR,pz,556.0,
SANTGARD-,TRAVOSANT,pz,522.0,392.0
SANTGARD-,DOXURIDIN,pz,295.0,222.0
SANTGARD-,DOXURIDIN COMPUESTO,pz,316.0,237.0
SANTGARD-,FLURBICOX,pz,231.0,173.0
SANTGARD-,OFTACONAZOL,pz,295.0,222.0
SANTGARD-,TACROSAN UNGUENTO,pz,413.0,310.0
SANTGARD-,LAVA TEARS 120 ML,pz,292.0,219.0
SANTGARD-,HUMECTAN SOLUCION 10 ML,pz,317.0,238.0
SANTGARD-,MEIBUX OMEGA 3,pz,428.0,321.0
SANTGARD-,HUMECTACION DUAL,pz,587.0,440.0
SANTGARD-,NEOMITRAX 5 GR,pz,0.0,0.0
SANTGARD-,OTIKAN PLUS 60ML,pz,0.0,0.0
SENOSAIN-001,REUGOL GEL 250 GRS,pz,0.0,84.0
SENOSIAIN-,ENROXIL ORAL10% 1LTO,pz,415.0,300.0
SENOSIAIN-,ENROXIL INY. 10% 250ML,pz,602.2,260.0
SUNNY-032,TRANSPORTADORA XL P/PERRO,pz,4300.0,0.0
TORNEL-001,SUPER FLUMI STREP 4 MILL,pz,352.0,211.2
TORNEL-002,SUPER VITAMINA B12 5500 30 ML Caballos,pz,935.0,561.0
TORNEL-003,ANTOPLEX 100 ML,pz,604.0,362.4
TORNEL-004,SUPER VITAMINA B12 5500 5 ML Gallos,pz,396.0,
TORNEL-005,EQUIGAN 100 ML,pz,3344.0,2006.4
TORNEL-006,SUPER VITAMINA B12 5500 100 ML Caballos,pz,2114.0,1268.4
TORNEL-008,KORYN TRIPLE 10 GR POLVO ORAL,pz,76.0,45.6
TORNEL-009,PENICILINA OLEOSA 30MIL G PROCAINA 100ML,pz,688.0,412.8
TORNEL-010,EQUIGAN 10 ML,pz,801.0,480.6
TORNEL-011,COMPLEJO B SUPER 100 ML,pz,507.0,304.2
TORNEL-012,OJOSAN 50 GRS,pz,128.0,76.8
TORNEL-014,ANTOPLEX GALLO 90 CAPSULAS,pz,447.0,268.2
TORNEL-016,BUTAFENIL COMP 100 ML,pz,429.0,257.4
TORNEL-017,SUPER FLUMI STREP 6 MILL,pz,447.0,268.2
TORNEL-019,ANTOPLEX 50 ML,pz,380.0,228.0
TORNEL-020,AVIPEN 10 ML,pz,133.0,79.8
TORNEL-021,BUTAFENIL 100 ML,pz,380.0,228.0
TORNEL-022,COMPLEJO B SUPER 20 ML,pz,241.0,144.6
TORNEL-023,SUPER FLUMI STREP 1 MILL,pz,239.0,143.4
TORNEL-024,SUPER FLUMI STREP 2 MILL,pz,294.0,176.4
TORNEL-025,METAFLUSOL 50 ML,pz,835.0,501.0
TORNEL-027,EQUIGAN 50 ML,pz,2318.0,1390.8
TORNEL-033,VITAMINA B12 3000 100 ML,pz,1060.0,636.0
TORNEL-034,TOP B15+3 30 ML,pz,1199.0,
TORNEL-036,SUPER PERFORMANCE L 100 ML,pz,1175.0,705.0
TORNEL-039,PANGAMINE 250 VIT B-15 30 ML,pz,365.0,219.0
TORNEL-040,K-TON 12 100 ML,pz,785.0,471.0
TORNEL-041,KORYN TRIPLE 100 GR.,pz,370.0,222.0
TORNEL-042,BUTAFENIL 3 GR,pz,42.0,25.2
TORNEL-043,ENDOSEPTINE 50 ML,pz,217.0,130.2
TORNEL-044,COMPLEJO B SUPER 10 ML,pz,144.0,86.4
TORNEL-045,XANTROPINA 5 X 5 ML,pz,473.0,283.8
TORNEL-048,CA AMINOPLEX INY 250 ML,pz,308.0,184.8
TORNEL-049,CA AMINOPLEX INY 500 ML,pz,459.0,275.4
TORNEL-050,AVIPEN 20 ML,pz,188.0,112.8
TORNEL-051,VITAMINA B12 3000 30 ML,pz,515.0,309.0
TORNEL-052,BUTAFENIL COMPUESTO 50 ML,pz,268.0,160.8
TORNEL-053,GENTOMICYN SUPER 100 ML,pz,860.0,516.0
TORNEL-054,ANTI-STAMIN 30 ML,pz,240.0,144.0
TORNEL-055,ANTI-STAMIN 100 ML,pz,581.0,348.6
TORNEL-059,SUPER PERFORMANCE L 50 ML,pz,745.0,447.0
TORNEL-062,L-ETICINA 100ML,pz,290.0,174.0
TORNEL-068,BLUTAN 100 ML,pz,218.0,130.8
TORNEL-071,SARNA SANA 100 ML,pz,194.0,
TORNEL-072,METAFLUSOL 30ML,pz,453.0,271.8
TORNEL-078,SURE SHOT GALLOS 20 TAB.,pz,530.0,318.0
TORNEL-085,UROLIX 10 ML,pz,303.0,181.8
TORNEL-086,ACEITE DE GERMEN DE TRIGO 50ML,pz,152.0,91.2
TORNEL-087,COCCIZURIL 20 TAB,pz,368.0,220.8
TORNEL-096,UROLIX 50ML,pz,583.0,349.8
TORNEL-097,DIPIRONA ST 100 ML,pz,433.0,259.8
TORNEL-100,PROGESTYN A-E 10ML,pz,359.0,215.4
TORNEL-101,METRO SULFA 100ML,pz,1151.0,690.6
TORNEL-102,PANGAMINE 250 VIT B-15 10 ML,pz,229.0,137.4
TORNEL-103,AVIPEN 50ML,pz,243.0,145.8
TORNEL-104,HIDRO-PEN 20ML,pz,287.0,172.2
TORNEL-107,HIDRO-PEN 10ML,pz,200.0,120.0
TORNEL-108,HIDRO-PEN 100 ML,pz,1056.0,633.6
TORNEL-115,UROLIX 100ML,pz,701.0,420.6
TORNEL-116,COCCIZURIL 100 TAB.,pz,1084.0,650.4
TORNEL-118,SUPER VITAMINA B12 5500 100ML Gallos,PIEZA,2094.0,1256.4
TORNEL-119,SUPER VITAMINA B12 5500 30 ML GALLOS,pz,935.0,561.0
TORNEL-132,CALCIO-TON 500ML,pz,491.0,294.6
VARIOS-046,METABOLASE 500 ML,pz,0.0,
VARIOS-061,INMUNEST 2 ML,PIEZA,0.0,116.0
VARIOS-171,TEMPERNAG 240ML,pz,0.0,0.0
VEDILAB-001,ERCANOL 10 ML,pz,0.0,35.0
VEDILAB-005,SCARLET 120 ML,pz,0.0,160.0
VEDILAB-010,SCARLET 100 GRAMOS GEL,pz,0.0,132.0
VEDILAB-017,SCARLET 60ML,pz,0.0,99.0
VEDILAB-021,VEDIVIT B12 6000 10ML,pz,0.0,94.0
VEDILAB-022,VEDIVIT B12 6000 50ML,pz,0.0,350.0
VEDILAB-024,DEXALONG FORTE 100ML,pz,361.0,180.0
VETINOVA-001,COXIFLEX 100 TABLETAS,pz,415.0,290.5
VETINOVA-002,COXIFLEX 50 TAB,pz,232.0,162.4
VETINOVA-004,WORM EX 50 TAB,pz,205.0,143.5
VETINOVA-005,SUPER ROOSTER 100TAB,pz,620.0,434.0
VETINOVA-006,SUPER ROOSTER 50 TAB,pz,340.0,238.0
VETINOVA-007,SUPER NUX 50 TAB,pz,208.0,145.6
VETINOVA-008,VETI-K 50 TAB,pz,176.72,123.71
VETINOVA-009,OXYPOWER 100 TAB,pz,422.41,295.69
VETINOVA-012,TURBOTONIC 50 TAB,pz,198.28,138.79
VETINOVA-013,RESPIREX 50 TAB,pz,245.0,171.5
VETINOVA-014,RESPIREX 100 TAB,pz,435.0,
VETINOVA-015,COXIFLEX P.S. 100 GR,pz,625.0,438.0
VETINOVA-017,COXIFLEX POLVO SOL. 10 GR,pz,66.0,46.2
VETINOVA-018,SUPER NUX 100 TAB,CAJA,375.0,262.5
VETINOVA-019,RESPIREX P.S. 100GR,pz,350.0,245.0
VETINOVA-020,TURBOTONIC POLVO SOL. 10GR,pz,54.0,37.8
VETINOVA-021,VETI-K 100 TAB.,pz,310.34,217.24
VETINOVA-022,RESPIREX SOBRE 10GR,pz,37.8,26.46
VETOQUINOL-,LAXATONE GEL 120.5 G     ATUN,pz,299.0,207.0
VETOQUINOL-,MEGECAT C/18 COMP,pz,219.0,152.31
VETOQUINOL-,KYNOSELEN INY 100 ML,pz,802.04,560.02
VETOQUINOL-,DOGALACT C/20 COMP,pz,481.0,336.31
VETOQUINOL-,ALUSPRAY 210 ML,pz,475.24,329.19
VETOQUINOL-,CALMIVET SOL INY 50 ML,pz,731.85,507.15
VETOQUINOL-,MARBOCYL 2% INY. 100ML,pz,743.8,517.5
VETOQUINOL-,PRIFINIAL SOL. INY. 50ML,pz,458.85,320.7
VETOQUINOL-,CLAVASEPTIN 250MG BLISTER C/10 TABLETAS,BLISTI,155.295,105.0
VETOQUINOL-,CLAVASEPTIN 50MG  BLISTER C/10 TAB,BLISTI,93.555,63.945
VETOQUINOL-,IPAKITINE PDR 300 GR,pz,1042.65,697.0
VETOQUINOL-,AZODYL 90 CAPS,pz,1800.0,1269.0
VETOQUINOL-,FLEXADIN 90 COMP,pz,997.0,
VETOQUINOL-,CIMALGEX 30 MG,pz,836.95,580.65
VETOQUINOL-,IPAKITINE PDR 60 GR,pz,360.15,243.0
VETOQUINOL-,CIMALGEX 80 MG,pz,1653.75,1147.65
VETOQUINOL-,FRECARDYL SOL 50ML,pz,638.24,444.61
VETOQUINOL-,COTHIVET VAPORIZADOR 30ML,pz,397.0,273.0
VETOQUINOL-,CLAVASEPTIN 500 MG BLISTER C/10TAB,BLIST,248.54,165.69
VETOQUINOL-,AURIZON 10ML,pz,451.38,311.84
VETOQUINOL-,MARBOCYL P 20 MG C/100 TAB,pz,1575.0,1100.06
VETOQUINOL-,MARBOCYL P 80 C/72 TAB,pz,3853.5,2696.83
VETOQUINOL-,ORIBIOTIC POMADA TUBO 10GR,pz,308.0,215.19
VETOQUINOL-,ORIDERMYL POMADA TUBO 10 GR,pz,348.24,229.0
VETOQUINOL-,DIURIZONE SOL. INY. 50ML,pz,537.53,373.78
VETOQUINOL-,TOLFEDINE PERROS 60MG CJA. C/16 COMP----,pz,0.0,232.0
VETOQUINOL-,PRIFINIAL PERROS 70 MG CJA. C/8 COMP,pz,416.85,261.0
VETOQUINOL-,TONARSYL SOL. INY. 50ML,pz,839.66,549.0
VETOQUINOL-,EAR CLEANSING 4 OZ,pz,143.0,99.0
VETOQUINOL-,ENISYL F 100ML,pz,431.0,300.35
VETOQUINOL-,LAXATONE MAPLE PASTA/GEL 120.5GR,pz,299.0,207.0
VETOQUINOL-,ZYLKENE 225 P 30MX,pz,878.85,625.95
VETOQUINOL-,ZYLKENE 450 P30 MX,pz,1330.35,
VETOQUINOL-,DUO PACK FLEXADIN 30,pz,897.0,626.95
VETOQUINOL-,DUO PACK NUTRICAL GEL,pz,517.0,358.2
VETSPHARMA-,RUMEN PLUS 15 GR,PZA,37.5,22.5
VETSPHARMA-,AZUL CICATRIZANTE 100ML PET014,pz,52.0,31.2
VETSPHARMA-,AZUL CICATRIZANTE 120ML C/ATOM PET015,pz,70.0,42.0
VETSPHARMA-,DEXAFLAM 100ML PET265,pz,340.0,204.0
VETSPHARMA-,OXITOCINA-20 100ML,pz,174.0,104.4
VETSPHARMA-,----XILAPET 10% 50ML,pz,1250.0,750.0
VETSPHARMA-,EQUIHORSE MAX 30GR    PET220,pz,0.0,0.0
VETSPHARMA-,TROMIXINA M 25ML,pz,0.0,0.0
VETSPHARMA-,PRONYL GOD 1LTO,pz,1490.0,807.0
VETSPHARMA-,FASCIOVERM + 250ML,pz,0.0,0.0
VETSPHARMA-,TROMIXINA M 100ML,pz,0.0,0.0
VIRBAC-004,EPIOTIC  100ML,pz,246.0,172.2
VIRBAC-005,MEGADERM 28 SACHETS 4 ML,pz,635.0,444.5
VIRBAC-007,NUTRIBOUND PERRO 150ML,pz,425.0,297.5
VIRBAC-009,NUTRIBOUND GATO 150ML,pz,425.0,297.5
VIRBAC-010,FORTIK 4/ 1 LTO,pz,0.0,925.0
VIRBAC-011,PROTON-500 100 ML,pz,0.0,250.0
VIRBAC-014,EASOTIC 10ML,pz,623.0,
VIRBAC-016,NUTRIPLUS GEL 120GR,pz,409.48,286.64
VIRBAC-017,NUTRIPLUS 60 TAB,pz,550.0,385.0
VIRBAC-020,ZOLETIL-100 5 ML,pz,845.0,633.75
VIRBAC-023,RILEXINE-75 PALATABLE 14 TABLETAS,pz,312.0,218.4
VIRBAC-024,RILEXINE-300 PALATABLE 14 TABLETAS,pz,470.0,329.0
VIRBAC-025,RILEXINE-600 PALATABLE 14 TABLETAS,pz,645.0,451.5
VIRBAC-028,ZOLETIL-50 5 ML,pz,613.0,459.75
VIRBAC-030,ALIZIN 10 ML,pz,1538.0,1153.5
VIRBAC-031,FOSFOSAN 100 ML,pz,0.0,727.0
VIRBAC-032,VIRBAGEN OMEGA 10 UI,pz,3295.0,2306.5
VIRBAC-036,NUTRIPLUS 30 TABS,pz,350.0,245.0
VIRBAC-037,KETOCHLOR 250ML,pz,472.0,330.4
VIRBAC-040,ALFADEX SOBRE 25 GR,PIEZA,0.0,30.0
VIRBAC-042,MAXFLOR L.A. 250 ML,pz,0.0,1310.0
VIRBAC-050,EFFIPRO BOVIS 1 LTO,pz,0.0,500.0
VIRBAC-051,VITAMINTHE 10ML,pz,270.0,189.0
VIRBAC-059,FORTIUS LA/250ML,pz,0.0,1283.0
VIRBAC-060,RUMINAL PLUS 15GR,PIEZA,0.0,32.0
VIRBAC-061,SUPERMETRINA POURON 1 LTO,pz,0.0,1158.0
VIRBAC-066,LEUCOGEN,pz,316.5,
VIRBAC-082,CANIGEN PUPPY EXTRA 1 DS,pz,227.1,158.97
VIRBAC-083,CANIGEN MHA2 PUPPY 1DS,pz,221.0,154.7
VIRBAC-084,CANIGEN MHA2PPI/L 1DS (QUINTUPLE),pz,228.1,159.67
VIRBAC-085,RABIGEN MONO 1DS,pz,86.5,60.55
VIRBAC-090,ALFADEX 100 ML USO URBANO,pz,0.0,122.0
VIRBAC-095,ALFADEX 1 LTO,pz,0.0,855.0
VIRBAC-096,EFFIPRO BOVIS 5 LTS,pz,0.0,2544.0
VIRBAC-100,VETERRALENT 20% LA 250ML,pz,0.0,350.0
VIRBAC-114,CDV-AG (DISTEMPER CANINO),pz,0.0,244.95
VIRBAC-115,CPV-AG (PARVOVIRUS CANINO),pz,0.0,197.49
VIRBAC-117,CANIV-4 TEST KIT G.C./EHRLI/LYME/ANAPLS,pz,0.0,317.66
VIRBAC-120,FELID-3 PRUEBA RAPIDA,pz,0.0,0.0
VIRBAC 001,ENDOGARD 2.5 CLINIC PACK TABLETA,PIEZA,31.04,21.73
WITTNEY-003,PASTA DESCORNADORA,pz,164.0,91.0
WITTNEY-004,PINTURA P/HERRAR,pz,227.0,126.0
WITTNEY-005,POLVO OPTICO SULFAMIXIN 29GR.,pz,146.0,81.0
WITTNEY-007,YODURO DE SODIO 250 ML,pz,698.0,474.64
ZIRIN-003,CARDIOBEE-15 100 ML,pz,807.0,437.0
ZIRIN-005,CARDIOBEE-15 250 ML,pz,1583.0,857.0
ZOETIS-005,FLUVET SOL INY 50 ML,pz,459.0,
ZOETIS-009,LUTALYSE INY 30 ML,pz,371.0,253.0
ZOETIS-010,RIMADYL  AF 50 ML,pz,1297.0,921.0
ZOETIS-014,HIPPIRON 20 ML 10´S VV,pz,630.9,504.7
ZOETIS-015,FELOCELL 1 DS,pz,144.6,108.44
ZOETIS-024,CIDR 1.9G BOVINOS 10´s BOLSA C/10 DISP,pz,3493.0,2383.0
ZOETIS-026,DECTOMAX 50 ML,pz,447.0,305.0
ZOETIS-027,DECTOMAX 500 ML,pz,3074.0,2097.0
ZOETIS-031,DRAXXIN 500 ML,pz,12357.0,8430.0
ZOETIS-033,EMICINA LA 100 ML,pz,633.0,432.0
ZOETIS-034,EMICINA LA 250 ML,pz,1334.0,910.0
ZOETIS-035,EMICINA LIQUIDA 100 ML,pz,265.0,181.0
ZOETIS-036,EMICINA LIQUIDA 20 ML,pz,106.0,72.0
ZOETIS-037,EMICINA LIQUIDA 500 ML,pz,1039.0,709.0
ZOETIS-039,BRONCHICINE 1 DS,pz,119.62,89.72
ZOETIS-041,MAMISAN UNG 100 GR,pz,185.0,126.0
ZOETIS-042,MAMISAN UNG 200 GR,pz,315.0,215.0
ZOETIS-065,CYTOPOINT 30 MG 2 VIALES,pz,2614.0,1960.0
ZOETIS-073,VANGUARD PLUS 5 1 DS,pz,167.28,125.48
ZOETIS-085,EQUEST 1 JGA  GEL PASTA 12.2G,pz,285.0,213.0
ZOETIS-087,FLUVAC INNOVATOR 1DS,PIEZA,232.5,
ZOETIS-088,TETANOS TOXOID 1DS,pz,238.92,179.17
ZOETIS-102,VANGUARD PLUS CPV/CV 1 DS,pz,126.42,94.82
ZOETIS-103,DEFENSOR 1 1DS,pz,60.02,45.02
ZOETIS-106,VANGUARD PLUS 5/CV-L 1 DS,pz,168.56,126.44
ZOETIS-107,SIMPARICA 20MG 3TAB  5-10 KG,pz,912.0,456.0
ZOETIS-109,VANGUARD PLUS 5/CV 1 DS,pz,183.4,137.56
ZOETIS-110,SIMPARICA 10MG 3TAB. 2.5-5KG,pz,883.0,441.0
ZOETIS-111,SIMPARICA 40MG 3 TAB. 10-20KG,pz,956.0,478.0
ZOETIS-112,SIMPARICA 80MG 3 TAB. 20-40 KG,pz,1033.0,516.0
ZOETIS-116,NOVORMON SOL 5000,pz,2006.0,1368.0
ZOETIS-118,VANGUARD PLUS 5L 1DS,pz,180.84,135.64
ZOETIS-119,GIARDIA VAX 1DS,pz,243.16,182.36
ZOETIS-120,APOQUEL 3.6 MG 2 BLS X 10 TAB. (20 TAB),pz,780.0,624.0
ZOETIS-121,APOQUEL 5.4MG 2 BLS X 10 TAB (20 TAB),pz,953.0,763.0
ZOETIS-122,ZELAZOL 5ML,pz,621.0,497.0
ZOETIS-123,CERENIA INY. 20ML,pz,2539.0,2031.0
ZOETIS-127,CONVENIA 4ML,pz,2637.0,2109.0
ZOETIS-129,ANTISEDAN 10ML,pz,3706.0,2965.0
ZOETIS-130,APOQUEL 16MG 2 BLS X10 TAB. (20 TAB),pz,1196.0,957.0
ZOETIS-131,CONVENIA 10ML,pz,6054.0,
ZOETIS-132,RIMADYL MASTICABLE 25MG 60 TAB,pz,1306.0,1045.0
ZOETIS-133,RIMADYL MASTICABLE 100MG 60 TAB,pz,2324.0,1859.0
ZOETIS-134,CYTOPOINT 40MG 2 VIALES,pz,3098.0,2323.0
ZOETIS-138,CYTOPOINT 20MG 2 VIALES,pz,2120.0,1590.0
ZOETIS-139,APOQUEL 3.6MG 10BLS X 10TAB (100TAB),pz,3614.0,2891.0
ZOETIS-140,APOQUEL 5.4MG 10BLS X10TAB (100TAB),pz,4420.0,3536.0
ZOETIS-141,APOQUEL 16MG 10BLS X 10TAB (100TAB),pz,5399.0,4319.0
ZOETIS-143,RIMADYL MASTICABLE 75MG 60 TAB,pz,1834.0,1467.0
ZOETIS-144,ZYLEXIS 1 DS,pz,501.3,375.9
ZOETIS-150,SIMPARICA TRIO 3 TAB 12MG  5.1-10KG CARA,pz,1171.0,609.0
ZOETIS-151,SIMPARICA TRIO 3 TAB 24MG 10.1-20KG BLUE,pz,1214.0,631.0
ZOETIS-152,SIMPARICA TRIO 3 TAB 48MG 20.1-40KG GREE,pz,1296.0,674.0
ZOETIS-153,SIMPARICA TRIO 3 TAB 72MG 40-60KG BROWN,pz,1378.0,717.0
ZOETIS-158,REVOLUTION PLUS .25ML C/3 PIPETA 2.5KG,pz,1122.0,561.0
ZOETIS-162,SIMPARICA 10 MG 1 TABLETA 2.5-5 KG -1641,pz,306.0,153.0
ZOETIS-163,SIMPARICA 20MG 1 TABLETA 5-10 KG -1642,pz,321.0,161.0
ZOETIS-164,SIMPARICA 40MG 1 TABLETA 10-20 KG -1643,pz,342.0,171.0
ZOETIS-165,SIMPARICA 80MG 1 TABLETA 20-40 KG,pz,372.0,186.0
ZOETIS-167,CYTOPOINT 10MG 2 VIALES,pz,1442.0,1082.0
ZOETIS-174,SIMPARICA TRIO 3 TAB 6MG 2.5 A 5KG PURPL,pz,1121.0,
ZOETIS-175,SIMPARICA TRIO 1 TAB 12MG 5.1-10KG CARAM,pz,410.0,213.0
ZOETIS-176,EXCEDE 250ML,pz,5045.0,3441.0
ZOETIS-177,SIMPARICA TRIO 1 TAB 72MG 40.1-60KG BROW,pz,493.0,257.0
ZOETIS-178,SIMPARICA TRIO 1 TAB 6 MG 2.5-5KG PURPLE,pz,398.0,207.0
ZOETIS-179,SIMPARICA TRIO 1 TAB 24MG 10.1-20KG BLUE,pz,430.0,224.0
ZOETIS-183,SIMPARICA TRIO 1 TAB 48MG 20-40KG GREE,pz,462.0,240.0
ZOETIS-189,PALLADIA 50MG,pz,4562.0,3649.0
ZOETIS-190,LIBRELA SOL 5MG C/2 VIALES,pz,1440.0,1080.0
ZOETIS-191,LIBRELA SOL 10MG C/2 VIALES,pz,1654.0,1241.0
ZOETIS-193,LIBRELA SOL 20MG C/2 VIALES,pz,2179.0,1635.0
ZOETIS-194,LIBRELA SOL 30MG C/2 VIALES,pz,2316.0,1737.0
ZOETIS-195,LIBRELA SOL 15MG C/2 VIALES,pz,2082.0,1562.0
